"species","X","binomial","taxa","family","genus","species_author","author","year","New","IUCN","icmbio.cat","rangesize","range.cat","rangeNat_2020","percNat","percNatCat","prot_range","prot_perc","prot_perc_cat","rangeNat_2000","loss00_20","perc_loss00_20","Salve.Cat"
"Adenomera cotuba",1,"Adenomera cotuba*","Amphibians","Leptodactylidae","Adenomera","Adenomera cotuba* Carvalho & Giaretta, 2013b","Carvalho & Giaretta, 2013b",2013,"s","-","LC",206241,"Partial",112972,0.6047,"<80%",3399,0.0165,"<5%",128349,15377,0.119806153534504,"LC"
"Adenomera saci",2,"Adenomera saci","Amphibians","Leptodactylidae","Adenomera","Adenomera saci Carvalho & Giaretta, 2013a","Carvalho & Giaretta, 2013a",2013,"n","-","LC",731210,"Partial",371462,0.5656,"<80%",29189,0.0399,"<5%",411612,40150,0.0975433174931732,"LC"
"Akodon kadiweu",3,"Akodon kadiweu","Mammals","Cricetidae","Akodon","Akodon kadiweu Brandão et al., 2021","Brand�o et al., 2021",2021,"s","-","DD",356,"Restricted",324,0.9076,">80%",93,0.2612,">17%",322,-2,-0.0062111801242236,"DD"
"Akodon lindberghi",4,"Akodon lindberghi","Mammals","Cricetidae","Akodon","Akodon lindberghi Hershkovitz, 1990","Hershkovitz, 1990",1990,"s","DD","LC",2844,"Partial",574,0.6385,"<80%",569,0.2001,">17%",570,-4,-0.00701754385964912,"LC"
"Alectrurus tricolor",5,"Alectrurus tricolor","Birds","Tyrannidae","Alectrurus","Alectrurus tricolor (Vieillot, 1816)","(Vieillot, 1816)",1816,"s","VU","VU",2797153,"Partial",437702,0.3756,"<50%",31263,0.0112,"<5%",480721,43019,0.0894884974860678,"VU"
"Alipiopsitta xanthops",6,"Alipiopsitta xanthops","Birds","Psittacidae ","Alipiopsitta","Alipiopsitta xanthops (Spix, 1824)","(Spix, 1824)",1824,"s","NT","LC",2950314,"Wide",877060,0.5196,"<80%",69436,0.0235,"<5%",981708,104648,0.106597888577866,"LC"
"Allobates brunneus",7,"Allobates brunneus","Amphibians","Aromobatidae","Allobates","Allobates brunneus (Cope, 1887)","(Cope, 1887)",1887,"n","LC","NT",373,"Restricted",229,0.6139,"<80%",0,0,"0%",240,11,0.0458333333333333,"NT"
"Allobates goianus",8,"Allobates goianus","Amphibians","Aromobatidae","Allobates","Allobates goianus (Bokermann, 1975)","(Bokermann, 1975)",1975,"n","DD","NT",16216,"Restricted",10651,0.659,"<80%",312,0.0192,"<5%",11267,616,0.0546729386704535,"NT"
"Alopoglossus collii",9,"Alopoglossus collii*","Reptiles","Alopoglossidae","Alopoglossus","Alopoglossus collii* Ribeiro-Junior et al., 2020","Ribeiro-Junior et al., 2020",2020,"s","-","-",1112,"Restricted",552,0.4964,"<50%",0,0,"0%",576,24,0.0416666666666667,"-"
"Ameerega berohoka",10,"Ameerega berohoka","Amphibians","Dendrobatoidea","Ameerega","Ameerega berohoka Vaz-Silva et al., 2011","Vaz-Silva et al., 2011",2011,"n","LC","LC",110480,"Partial",41319,0.3899,"<50%",669,0.0061,"<1%",46535,5216,0.112087675942839,"LC"
"Ameerega braccata",11,"Ameerega braccata","Amphibians","Dendrobatoidea","Ameerega","Ameerega braccata (Steindachner, 1864)","(Steindachner, 1864)",1864,"n","LC","LC",600,"Restricted",474,0.79,"<80%",133,0.2217,">17%",469,-5,-0.0106609808102345,"LC"
"Ameerega flavopicta",12,"Ameerega flavopicta","Amphibians","Dendrobatoidea","Ameerega","Ameerega flavopicta (Lutz, 1925)","(Lutz, 1925)",1925,"n","LC","LC",868222,"Partial",279326,0.5133,"<80%",18023,0.0208,"<5%",307455,28129,0.0914898115171326,"LC"
"Ameerega picta",13,"Ameerega picta","Amphibians","Dendrobatoidea","Ameerega","Ameerega picta (Tschudi, 1838)","(Tschudi, 1838)",1838,"n","LC","LC",5921,"Restricted",2283,0.5778,"<80%",397,0.067,"<17%",2362,79,0.0334462320067739,"LC"
"Ameiva jacuba",14,"Ameiva jacuba","Reptiles","Teiidae","Ameiva","Ameiva jacuba Giugliano et al., 2013","Giugliano et al., 2013",2013,"n","-","-",1264,"Restricted",861,0.6812,"<80%",570,0.4509,">17%",916,55,0.0600436681222707,"-"
"Ameiva parecis",15,"Ameiva parecis","Reptiles","Teiidae","Ameiva","Ameiva parecis (Colli et al., 2003)","(Colli et al., 2003)",2003,"n","VU","EN",372,"Restricted",312,0.841,">80%",0,0,"0%",338,26,0.0769230769230769,"EN"
"Ameivula cipoensis",16,"Ameivula cipoensis*","Reptiles","Teiidae","Ameivula","Ameivula cipoensis* Arias et al., 2014a","Arias et al., 2014a",2014,"s","-","-",1157,"Restricted",521,0.7719,"<80%",246,0.2126,">17%",515,-6,-0.0116504854368932,"-"
"Ameivula jalapensis",17,"Ameivula jalapensis","Reptiles","Teiidae","Ameivula","Ameivula jalapensis (Colli et al., 2009)","(Colli et al., 2009)",2009,"n","LC","LC",745,"Restricted",743,0.9987,">80%",98,0.1315,"<17%",744,1,0.00134408602150538,"LC"
"Ameivula mumbuca",18,"Ameivula mumbuca","Reptiles","Teiidae","Ameivula","Ameivula mumbuca (Colli et al., 2003)","(Colli et al., 2003)",2003,"n","LC","LC",747,"Restricted",718,0.9625,">80%",130,0.174,">17%",727,9,0.0123796423658872,"LC"
"Ameivula xacriaba",19,"Ameivula xacriaba*","Reptiles","Teiidae","Ameivula","Ameivula xacriaba* Arias et al., 2014b ","Arias et al., 2014b ",2014,"s","-","LC",42875,"Restricted",36962,0.8791,">80%",4082,0.0952,"<17%",40120,3158,0.0787138584247258,"LC"
"Amphisbaena absaberi",20,"Amphisbaena absaberi","Reptiles","Amphisbaenidae","Amphisbaena","Amphisbaena absaberi (Strüssmann & Carvalho, 2001)","(Strüssmann & Carvalho, 2001)",2001,"n","DD","DD",366,"Restricted",115,0.3952,"<50%",0,0,"0%",162,47,0.290123456790123,"DD"
"Amphisbaena acrobeles",21,"Amphisbaena acrobeles","Reptiles","Amphisbaenidae","Amphisbaena","Amphisbaena acrobeles (Ribeiro et al., 2009)","(Ribeiro et al., 2009)",2009,"n","LC","LC",374,"Restricted",375,1,">80%",140,0.3743,">17%",374,-1,-0.00267379679144385,"LC"
"Amphisbaena anaemariae",22,"Amphisbaena anaemariae","Reptiles","Amphisbaenidae","Amphisbaena","Amphisbaena anaemariae Vanzolini, 1997","Vanzolini, 1997",1997,"n","LC","LC",346771,"Partial",84609,0.2977,"<30%",1397,0.004,"<1%",92464,7855,0.0849519813116456,"LC"
"Amphisbaena bedai",23,"Amphisbaena bedai","Reptiles","Amphisbaenidae","Amphisbaena","Amphisbaena bedai (Vanzolini, 1991)","(Vanzolini, 1991)",1991,"n","LC","LC",1543,"Restricted",351,0.2273,"<30%",0,0,"0%",419,68,0.162291169451074,"LC"
"Amphisbaena brevis",24,"Amphisbaena brevis","Reptiles","Amphisbaenidae","Amphisbaena","Amphisbaena brevis Strüssmann & Mott, 2009","Strüssmann & Mott, 2009",2009,"n","DD","DD",368,"Restricted",287,0.7842,"<80%",0,0,"0%",292,5,0.0171232876712329,"DD"
"Amphisbaena carli",25,"Amphisbaena carli","Reptiles","Amphisbaenidae","Amphisbaena","Amphisbaena carli Pinna et al., 2010","Pinna et al., 2010",2010,"n","LC","LC",1478,"Restricted",734,0.4966,"<50%",59,0.0399,"<5%",1340,606,0.452238805970149,"LC"
"Amphisbaena crisae",26,"Amphisbaena crisae","Reptiles","Amphisbaenidae","Amphisbaena","Amphisbaena crisae Vanzolini, 1997","Vanzolini, 1997",1997,"n","DD","LC",1479,"Partial",1205,0.8415,">80%",328,0.2218,">17%",1235,30,0.0242914979757085,"LC"
"Amphisbaena cuiabana",27,"Amphisbaena cuiabana","Reptiles","Amphisbaenidae","Amphisbaena","Amphisbaena cuiabana (Strüssmann & Carvalho, 2001)","(Strüssmann & Carvalho, 2001)",2001,"n","LC","LC",30163,"Restricted",7893,0.5735,"<80%",201,0.0067,"<1%",9022,1129,0.125138550210596,"LC"
"Amphisbaena filiformis",28,"Amphisbaena filiformis*","Reptiles","Amphisbaenidae","Amphisbaena","Amphisbaena filiformis* Ribeiro et al., 2016"," Ribeiro et al., 2016",2016,"s","-","DD",755,"Restricted",451,0.6632,"<80%",0,0,"0%",506,55,0.108695652173913,"DD"
"Amphisbaena kraoh",29,"Amphisbaena kraoh","Reptiles","Amphisbaenidae","Amphisbaena","Amphisbaena kraoh (Vanzolini, 1971)","(Vanzolini, 1971)",1971,"n","LC","LC",14095,"Restricted",11923,0.8719,">80%",1531,0.1086,"<17%",12895,972,0.0753780535091121,"LC"
"Amphisbaena leeseri",30,"Amphisbaena leeseri","Reptiles","Amphisbaenidae","Amphisbaena","Amphisbaena leeseri Gans, 1964","Gans, 1964",1964,"n","LC","LC",141174,"Restricted",31608,0.2891,"<30%",990,0.007,"<1%",35072,3464,0.0987682481751825,"LC"
"Amphisbaena maranhensis",31,"Amphisbaena maranhensis","Reptiles","Amphisbaenidae","Amphisbaena","Amphisbaena maranhensis Gomes & Maciel, 2012","Gomes & Maciel, 2012",2012,"n","DD","DD",377,"Restricted",332,0.8783,">80%",0,0,"0%",349,17,0.0487106017191977,"DD"
"Amphisbaena mebengokre",32,"Amphisbaena mebengokre*","Reptiles","Amphisbaenidae","Amphisbaena","Amphisbaena mebengokre* Ribeiro et al., 2019","Ribeiro et al., 2019",2019,"s","-","DD",365,"Restricted",128,0.3497,"<50%",0,0,"0%",136,8,0.0588235294117647,"DD"
"Amphisbaena neglecta",33,"Amphisbaena neglecta","Reptiles","Amphisbaenidae","Amphisbaena","Amphisbaena neglecta Dunn & Piatt, 1936","Dunn & Piatt, 1936",1936,"n","DD","DD",367,"Restricted",274,0.7486,"<80%",5,0.0136,"<5%",275,1,0.00363636363636364,"DD"
"Amphisbaena persephone",34,"Amphisbaena persephone*","Reptiles","Amphisbaenidae","Amphisbaena","Amphisbaena persephone* Pinna et al., 2014","Pinna et al., 2014",2014,"s","-","-",370,"Restricted",207,0.561,"<80%",0,0,"0%",370,163,0.440540540540541,"-"
"Amphisbaena sanctaeritae",35,"Amphisbaena sanctaeritae","Reptiles","Amphisbaenidae","Amphisbaena","Amphisbaena sanctaeritae Vanzolini, 1994","Vanzolini, 1994",1994,"n","CR","DD",602,"Restricted",99,0.1645,"<30%",8,0.0133,"<5%",91,-8,-0.0879120879120879,"DD"
"Amphisbaena saxosa",36,"Amphisbaena saxosa","Reptiles","Amphisbaenidae","Amphisbaena","Amphisbaena saxosa (Castro-Mello, 2003)","(Castro-Mello, 2003)",2003,"n","NT","NT",375,"Restricted",40,0.9091,">80%",0,0,"0%",41,1,0.024390243902439,"NT"
"Amphisbaena silvestrii",37,"Amphisbaena silvestrii","Reptiles","Amphisbaenidae","Amphisbaena","Amphisbaena silvestrii Boulenger, 1902","Boulenger, 1902",1902,"n","LC","LC",895546,"Partial",231363,0.5353,"<80%",9471,0.0106,"<5%",260313,28950,0.111212271380991,"LC"
"Amphisbaena steindachneri",38,"Amphisbaena steindachneri","Reptiles","Amphisbaenidae","Amphisbaena","Amphisbaena steindachneri Strauch, 1881","Strauch, 1881",1881,"n","LC","LC",1477,"Restricted",205,0.7244,"<80%",153,0.1036,"<17%",210,5,0.0238095238095238,"LC"
"Amphisbaena talisiae",39,"Amphisbaena talisiae","Reptiles","Amphisbaenidae","Amphisbaena","Amphisbaena talisiae Vanzolini, 1995","Vanzolini, 1995",1995,"n","LC","LC",103006,"Partial",38538,0.4231,"<50%",1314,0.0128,"<5%",41840,3302,0.0789196940726577,"LC"
"Anolis meridionalis",40,"Anolis meridionalis","Reptiles","Dactyloidae","Anolis","Anolis meridionalis Boettger, 1885","Boettger, 1885",1885,"n","LC","LC",2579006,"Wide",639976,0.4546,"<50%",58501,0.0227,"<5%",715321,75345,0.105330334213591,"LC"
"Antilophia galeata",41,"Antilophia galeata","Birds","Tyrannidae","Antilophia","Antilophia galeata (Lichtenstein, 1823)","(Lichtenstein, 1823)",1823,"s","LC","LC",2692714,"Wide",858751,0.499,"<50%",58635,0.0218,"<5%",958996,100245,0.104531197210416,"LC"
"Aplastodiscus lutzorum",42,"Aplastodiscus lutzorum*","Amphibians","Hylidae","Aplastodiscus","Aplastodiscus lutzorum* Berneck et al., 2017","Berneck et al., 2017",2017,"s","-","LC",20219,"Restricted",10643,0.5251,"<80%",703,0.0348,"<5%",11365,722,0.0635283765948086,"LC"
"Apostolepis adhara",43,"Apostolepis adhara*","Reptiles","Dipsadidae","Apostolepis","Apostolepis adhara* França et al., 2018","França et al., 2018",2018,"s","-","DD",371,"Restricted",309,0.8329,">80%",0,0,"0%",277,-32,-0.115523465703971,"DD"
"Apostolepis albicollaris",44,"Apostolepis albicollaris","Reptiles","Dipsadidae","Apostolepis","Apostolepis albicollaris Lema, 2002","Lema, 2002",2002,"n","LC","LC",52589,"Restricted",18549,0.3821,"<50%",651,0.0124,"<5%",20060,1511,0.0753240279162512,"LC"
"Apostolepis assimilis",45,"Apostolepis assimilis*","Reptiles","Dipsadidae","Apostolepis","Apostolepis assimilis* (Reinhardt, 1861)","(Reinhardt, 1861)",1861,"s","LC","LC",1601004,"Partial",291905,0.3257,"<50%",12789,0.008,"<1%",313465,21560,0.0687796085687397,"LC"
"Apostolepis barrioi",46,"Apostolepis barrioi*","Reptiles","Dipsadidae","Apostolepis","Apostolepis barrioi* Lema 1978","Lema 1978",1978,"s","-","-",535264,"Partial",41757,0.1837,"<30%",405,8e-04,"<1%",42693,936,0.0219239688005059,"-"
"Apostolepis cerradoensis",47,"Apostolepis cerradoensis","Reptiles","Dipsadidae","Apostolepis","Apostolepis cerradoensis Lema, 2003","Lema, 2003",2003,"n","DD","-",370,"Restricted",315,0.8491,">80%",0,0,"0%",336,21,0.0625,"-"
"Apostolepis christineae",48,"Apostolepis christineae","Reptiles","Dipsadidae","Apostolepis","Apostolepis christineae Lema, 2002","Lema, 2002",2002,"n","DD","LC",367,"Restricted",297,0.8093,">80%",134,0.3651,">17%",310,13,0.0419354838709677,"LC"
"Apostolepis flavotorquata",49,"Apostolepis flavotorquata","Reptiles","Dipsadidae","Apostolepis","Apostolepis flavotorquata (Duméril et al., 1854)","(Duméril et al., 1854)",1854,"n","LC","LC",1256330,"Partial",437609,0.4657,"<50%",23339,0.0186,"<5%",484969,47360,0.0976557264484946,"LC"
"Apostolepis goiasensis",50,"Apostolepis goiasensis","Reptiles","Dipsadidae","Apostolepis","Apostolepis goiasensis Prado, 1942","Prado, 1942",1942,"n","LC","LC",470835,"Partial",133385,0.3363,"<50%",5366,0.0114,"<5%",144119,10734,0.0744801171254311,"LC"
"Apostolepis intermedia",51,"Apostolepis intermedia","Reptiles","Dipsadidae","Apostolepis","Apostolepis intermedia Koslowsky, 1898","Koslowsky, 1898",1898,"n","LC","LC",1425,"Partial",524,0.5092,"<80%",330,0.2316,">17%",540,16,0.0296296296296296,"LC"
"Apostolepis kikoi",52,"Apostolepis kikoi*","Reptiles","Dipsadidae","Apostolepis","Apostolepis kikoi* Santos et al., 2018","Santos et al., 2018",2018,"s","-","DD",1240,"Restricted",441,0.3556,"<50%",0,0,"0%",442,1,0.00226244343891403,"DD"
"Apostolepis lineata",53,"Apostolepis lineata","Reptiles","Dipsadidae","Apostolepis","Apostolepis lineata Cope, 1887","Cope, 1887",1887,"n","DD","DD",367,"Restricted",263,0.7205,"<80%",0,0,"0%",266,3,0.0112781954887218,"DD"
"Apostolepis longicaudata",54,"Apostolepis longicaudata","Reptiles","Dipsadidae","Apostolepis","Apostolepis longicaudata Amaral, 1921","Amaral, 1921",1921,"n","LC","LC",27040,"Restricted",23371,0.9227,">80%",2496,0.0923,"<17%",24615,1244,0.0505382896607759,"LC"
"Apostolepis nelsonjorgei",55,"Apostolepis nelsonjorgei","Reptiles","Dipsadidae","Apostolepis","Apostolepis nelsonjorgei Lema & Renner, 2004","Lema & Renner, 2004",2004,"n","LC","LC",73372,"Partial",42189,0.7561,"<80%",2925,0.0399,"<5%",47160,4971,0.105407124681934,"LC"
"Apostolepis phillipsae",56,"Apostolepis phillipsae*","Reptiles","Dipsadidae","Apostolepis","Apostolepis phillipsae* Harvey, 1999","Harvey, 1999",1999,"s","VU","-",736,"Restricted",237,0.5537,"<80%",393,0.534,">17%",281,44,0.156583629893238,"-"
"Apostolepis polylepis",57,"Apostolepis polylepis","Reptiles","Dipsadidae","Apostolepis","Apostolepis polylepis Amaral, 1921","Amaral, 1921",1921,"n","LC","LC",108297,"Partial",85168,0.8117,">80%",13842,0.1278,"<17%",98432,13264,0.134752925877763,"LC"
"Apostolepis sanctaeritae",58,"Apostolepis sanctaeritae*","Reptiles","Dipsadidae","Apostolepis","Apostolepis sanctaeritae* Werner, 1924","Werner, 1924",2005,"s","-","LC",673293,"Partial",343056,0.5582,"<80%",21821,0.0324,"<5%",384081,41025,0.106813406547056,"LC"
"Apostolepis serrana",59,"Apostolepis serrana","Reptiles","Dipsadidae","Apostolepis","Apostolepis serrana Lema & Renner, 2006","Lema & Renner, 2006",2006,"n","EN","DD",371,"Restricted",130,0.52,"<80%",0,0,"0%",154,24,0.155844155844156,"DD"
"Apostolepis striata",60,"Apostolepis striata","Reptiles","Dipsadidae","Apostolepis","Apostolepis striata Lema, 2004","Lema, 2004",2004,"n","CR","EN",371,"Restricted",145,0.3994,"<50%",0,0,"0%",172,27,0.156976744186047,"EN"
"Apostolepis tertulianobeui",61,"Apostolepis tertulianobeui*","Reptiles","Dipsadidae","Apostolepis","Apostolepis tertulianobeui* Lema, 2004","Lema, 2004",2004,"s","LC","LC",1453,"Partial",622,0.5649,"<80%",0,0,"0%",636,14,0.0220125786163522,"LC"
"Apostolepis vittata",62,"Apostolepis vittata","Reptiles","Dipsadidae","Apostolepis","Apostolepis vittata (Cope, 1887)","(Cope, 1887)",1887,"n","VU","LC",1474,"Restricted",980,0.7243,"<80%",12,0.0081,"<1%",1019,39,0.0382728164867517,"LC"
"Arremon flavirostris",63,"Arremon flavirostris","Birds","Passerellidae","Arremon","Arremon flavirostris Swainson, 1838","Swainson, 1838",1838,"s","LC","LC",1473172,"Partial",346476,0.3512,"<50%",15613,0.0106,"<5%",376534,30058,0.0798281164516352,"LC"
"Asthenes luizae",64,"Asthenes luizae","Birds","Furnariidae","Asthenes","Asthenes luizae Vielliard, 1990","Vielliard, 1990",1990,"s","NT","EN",24900,"Restricted",12703,0.7747,"<80%",1989,0.0799,"<17%",13487,784,0.0581300511603767,"EN"
"Atractus albuquerquei",65,"Atractus albuquerquei","Reptiles","Dipsadidae","Atractus","Atractus albuquerquei Cunha & Nascimento, 1983","Cunha & Nascimento, 1983",1983,"n","LC","LC",2711519,"Partial",464376,0.4909,"<50%",33701,0.0124,"<5%",519934,55558,0.106855870168137,"LC"
"Atractus edioi",66,"Atractus edioi","Reptiles","Dipsadidae","Atractus","Atractus edioi Silva Jr. et al., 2005","Silva Jr. et al., 2005",2005,"n","DD","DD",370,"Restricted",267,0.7236,"<80%",0,0,"0%",267,0,0,"DD"
"Atractus pantostictus",67,"Atractus pantostictus*","Reptiles","Dipsadidae","Atractus","Atractus pantostictus* Fernandes and Puorto, 1993","Fernandes and Puorto, 1993",1993,"s","LC","LC",940260,"Partial",316870,0.4434,"<50%",19639,0.0209,"<5%",348087,31217,0.0896816025878588,"LC"
"Atractus spinalis",68,"Atractus spinalis","Reptiles","Dipsadidae","Atractus","Atractus spinalis Passos et al., 2013","Passos et al., 2013",2013,"n","DD","DD",763,"Restricted",433,0.9021,">80%",249,0.3263,">17%",436,3,0.00688073394495413,"DD"
"Atractus stygius",69,"Atractus stygius*","Reptiles","Dipsadidae","Atractus","Atractus stygius* Passos et al., 2019","Passos et al., 2019",2019,"s","-","LC",115675,"Partial",31020,0.6602,"<80%",5,0,"0%",35503,4483,0.126271019350477,"LC"
"Augastes scutatus",70,"Augastes scutatus","Birds","Trochilidae","Augastes","Augastes scutatus (Temminck, 1824)","(Temminck, 1824)",1824,"s","LC","LC",53428,"Restricted",20239,0.6077,"<80%",3537,0.0662,"<17%",21296,1057,0.0496337340345605,"LC"
"Bachia bresslaui",71,"Bachia bresslaui","Reptiles","Gymnophthalmidae","Bachia","Bachia bresslaui (Amaral, 1935)","(Amaral, 1935)",1935,"n","VU","LC",535404,"Partial",121436,0.2773,"<30%",2949,0.0055,"<1%",133468,12032,0.0901489495609435,"LC"
"Bachia cacerensis",72,"Bachia cacerensis","Reptiles","Gymnophthalmidae","Bachia","Bachia cacerensis Castrillon & Strüssmann, 1998","Castrillon & Strüssmann, 1998",1998,"n","DD","DD",365,"Restricted",333,0.9148,">80%",0,0,"0%",346,13,0.0375722543352601,"DD"
"Bachia didactyla",73,"Bachia didactyla","Reptiles","Gymnophthalmidae","Bachia","Bachia didactyla Freitas et al., 2011","Freitas et al., 2011",2011,"n","EN","EN",6466,"Restricted",4382,0.722,"<80%",0,0,"0%",4931,549,0.111336442912188,"EN"
"Bachia geralista",74,"Bachia geralista","Reptiles","Gymnophthalmidae","Bachia","Bachia geralista Teixeira et al., 2012","Teixeira et al., 2012",2012,"n","DD","NT",26232,"Restricted",22314,0.8543,">80%",2542,0.0969,"<17%",25295,2981,0.117849377347302,"NT"
"Bachia micromela",75,"Bachia micromela","Reptiles","Gymnophthalmidae","Bachia","Bachia micromela Rodrigues et al., 2007","Rodrigues et al., 2007",2007,"n","DD","DD",376,"Restricted",217,0.9731,">80%",0,0,"0%",219,2,0.0091324200913242,"DD"
"Bachia oxyrhina",76,"Bachia oxyrhina","Reptiles","Gymnophthalmidae","Bachia","Bachia oxyrhina Rodrigues et al., 2008","Rodrigues et al., 2008",2008,"n","LC","LC",309,"Restricted",309,1,">80%",309,1,">17%",308,-1,-0.00324675324675325,"LC"
"Bachia psamophila",77,"Bachia psamophila","Reptiles","Gymnophthalmidae","Bachia","Bachia psamophila Rodrigues et al., 2007","Rodrigues et al., 2007",2007,"n","CR","CR",375,"Restricted",327,0.872,">80%",0,0,"0%",312,-15,-0.0480769230769231,"CR"
"Barycholos ternetzi",78,"Barycholos ternetzi","Amphibians","Craugastoridae","Barycholos","Barycholos ternetzi (Miranda-Ribeiro, 1937)","(Miranda-Ribeiro, 1937)",1937,"n","LC","LC",724474,"Partial",334957,0.5159,"<80%",22695,0.0313,"<5%",370547,35590,0.0960471950926603,"LC"
"Boana botumirim",79,"Boana botumirim","Amphibians","Hylidae","Boana","Boana botumirim Caramaschi et al., 2009","Caramaschi et al., 2009",2009,"n","-","LC",364,"Restricted",349,0.9562,">80%",121,0.3324,">17%",352,3,0.00852272727272727,"LC"
"Boana buriti",80,"Boana buriti","Amphibians","Hylidae","Boana","Boana buriti (Caramaschi & Cruz, 1999)","(Caramaschi & Cruz, 1999)",1999,"n","DD","VU",15413,"Restricted",6138,0.3985,"<50%",43,0.0028,"<1%",6765,627,0.0926829268292683,"VU"
"Boana caiapo",81,"Boana caiapo*","Amphibians","Hylidae","Boana","Boana caiapo* Pinheiro et al., 2018","Pinheiro et al., 2018",2018,"s","-","LC",262878,"Restricted",113969,0.61,"<80%",9377,0.0357,"<5%",126058,12089,0.0959002998619683,"LC"
"Boana cipoensis",82,"Boana cipoensis","Amphibians","Hylidae","Boana","Boana cipoensis (Lutz,1968)","(Lutz,1968)",1968,"n","NT","LC",7857,"Restricted",4393,0.7826,"<80%",374,0.0476,"<5%",4610,217,0.0470715835140998,"LC"
"Boana ericae",83,"Boana ericae","Amphibians","Hylidae","Boana","Boana ericae (Caramaschi & Cruz, 2000)","(Caramaschi & Cruz, 2000)",2000,"n","DD","LC",963,"Restricted",901,0.9346,">80%",197,0.2046,">17%",905,4,0.00441988950276243,"LC"
"Boana goiana",84,"Boana goiana","Amphibians","Hylidae","Boana","Boana goiana (Lutz, 1968)","(Lutz, 1968)",1968,"n","LC","LC",35423,"Restricted",16960,0.4779,"<50%",731,0.0206,"<5%",18218,1258,0.0690525853551433,"LC"
"Boana jaguariaivensis",85,"Boana jaguariaivensis","Amphibians","Hylidae","Boana","Boana jaguariaivensis Caramaschi et al., 2010","Caramaschi et al., 2010",2010,"n","-","LC",1041,"Restricted",249,0.4743,"<50%",2,0.0019,"<1%",217,-32,-0.147465437788018,"LC"
"Boana lundii",86,"Boana lundii","Amphibians","Hylidae","Boana","Boana lundii (Burmeister, 1856)","(Burmeister, 1856)",1856,"n","LC","LC",988264,"Partial",311550,0.3823,"<50%",13841,0.014,"<5%",337416,25866,0.0766590795931432,"LC"
"Boana stenocephala",87,"Boana stenocephala","Amphibians","Hylidae","Boana","Boana stenocephala (Caramaschi & Cruz, 1999)","(Caramaschi & Cruz, 1999)",1999,"n","DD","LC",712,"Restricted",177,0.2486,"<30%",0,0,"0%",162,-15,-0.0925925925925926,"LC"
"Bokermannohyla alvarengai",88,"Bokermannohyla alvarengai","Amphibians","Hylidae","Bokermannohyla","Bokermannohyla alvarengai (Bokermann, 1956)","(Bokermann, 1956)",1956,"n","LC","LC",28510,"Restricted",13590,0.7389,"<80%",1510,0.053,"<17%",14447,857,0.0593202741053506,"LC"
"Bokermannohyla ibitiguara",89,"Bokermannohyla ibitiguara","Amphibians","Hylidae","Bokermannohyla","Bokermannohyla ibitiguara (Cardoso, 1983)","(Cardoso, 1983)",1983,"n","DD","LC",1499,"Restricted",695,0.4646,"<50%",891,0.5944,">17%",678,-17,-0.0250737463126844,"LC"
"Bokermannohyla izecksohni",90,"Bokermannohyla izecksohni*","Amphibians","Hylidae","Bokermannohyla","Bokermannohyla izecksohni (Jim and Caramaschi, 1979)","(Jim and Caramaschi, 1979)",1979,"s","CR","DD",351,"Restricted",71,0.2029,"<30%",0,0,"0%",69,-2,-0.0289855072463768,"DD"
"Bokermannohyla nanuzae",91,"Bokermannohyla nanuzae","Amphibians","Hylidae","Bokermannohyla","Bokermannohyla nanuzae (Bokermann & Sazima, 1973)","(Bokermann & Sazima, 1973)",1973,"n","LC","LC",9366,"Restricted",2061,0.6475,"<80%",552,0.0589,"<17%",2080,19,0.00913461538461539,"LC"
"Bokermannohyla napolii",92,"Bokermannohyla napolii","Amphibians","Hylidae","Bokermannohyla","Bokermannohyla napolii Carvalho et al., 2012","Carvalho et al., 2012",2012,"n","-","VU",904,"Restricted",240,0.2658,"<30%",0,0,"0%",259,19,0.0733590733590734,"VU"
"Bokermannohyla pseudopseudis",93,"Bokermannohyla pseudopseudis","Amphibians","Hylidae","Bokermannohyla","Bokermannohyla pseudopseudis (Miranda-Ribeiro, 1937)","(Miranda-Ribeiro, 1937)",1937,"n","LC","LC",19647,"Partial",15047,0.7661,"<80%",2069,0.1053,"<17%",15829,782,0.0494029945037589,"LC"
"Bokermannohyla ravida",94,"Bokermannohyla ravida","Amphibians","Hylidae","Bokermannohyla","Bokermannohyla ravida (Caramaschi et al., 2001)","(Caramaschi et al., 2001)",2001,"n","DD","DD",361,"Restricted",156,0.4309,"<50%",0,0,"0%",160,4,0.025,"DD"
"Bokermannohyla sagarana",95,"Bokermannohyla sagarana","Amphibians","Hylidae","Bokermannohyla","Bokermannohyla sagarana Leite et al., 2011","Leite et al., 2011",2011,"n","NT","NT",63,"Restricted",42,0.913,">80%",3,0.0476,"<5%",43,1,0.0232558139534884,"NT"
"Bokermannohyla sapiranga",96,"Bokermannohyla sapiranga","Amphibians","Hylidae","Bokermannohyla","Bokermannohyla sapiranga Brandão et al., 2012","Brandão et al., 2012",2012,"n","-","LC",32737,"Restricted",11913,0.3645,"<50%",497,0.0152,"<5%",13721,1808,0.131768821514467,"LC"
"Bokermannohyla saxicola",97,"Bokermannohyla saxicola","Amphibians","Hylidae","Bokermannohyla","Bokermannohyla saxicola (Bokermann, 1964)","(Bokermann, 1964)",1964,"n","LC","LC",33627,"Restricted",17381,0.7493,"<80%",2731,0.0812,"<17%",18429,1048,0.0568668945683434,"LC"
"Bokermannohyla sazimai",98,"Bokermannohyla sazimai","Amphibians","Hylidae","Bokermannohyla","Bokermannohyla sazimai (Cardoso & Andrade, 1982)","(Cardoso & Andrade, 1982)",1982,"n","DD","LC",9364,"Restricted",2499,0.2704,"<30%",66,0.007,"<1%",2431,-68,-0.027972027972028,"LC"
"Bothrops itapetiningae",99,"Bothrops itapetiningae","Reptiles","Viperidae","Bothrops","Bothrops itapetiningae (Boulenger, 1907)","(Boulenger, 1907)",1907,"n","VU","NT",675437,"Partial",99012,0.2394,"<30%",3188,0.0047,"<1%",104262,5250,0.050353916095989,"NT"
"Bothrops marmoratus",100,"Bothrops marmoratus","Reptiles","Viperidae","Bothrops","Bothrops marmoratus Silva & Rodrigues, 2008","Silva & Rodrigues, 2008",2008,"n","LC","LC",383515,"Partial",172233,0.4846,"<50%",6706,0.0175,"<5%",191336,19103,0.099840071915374,"LC"
"Bothrops moojeni",101,"Bothrops moojeni","Reptiles","Viperidae","Bothrops","Bothrops moojeni Hoge, 1966","Hoge, 1966",1866,"n","LC","LC",2686680,"Wide",797500,0.4825,"<50%",56071,0.0209,"<5%",892999,95499,0.106941889072664,"LC"
"Bothrops pauloensis",102,"Bothrops pauloensis","Reptiles","Viperidae","Bothrops","Bothrops pauloensis Amaral, 1925","Amaral, 1925",1925,"n","LC","LC",1776108,"Partial",388691,0.3608,"<50%",16073,0.009,"<1%",428354,39663,0.092593976010496,"LC"
"Calassomys apicalis",103,"Calassomys apicalis","Mammals","Cricetidae","Calassomys","Calassomys apicalis Pardiñas et al., 2014","Pardiñas et al., 2014",2014,"s","-","NT",584,"Restricted",575,0.9846,">80%",412,0.7055,">17%",575,0,0,"NT"
"Callithrix penicillata",104,"Callithrix penicillata","Mammals","Callithrichidae","Callithrix","Callithrix penicillata (Geoffroy, 1812)","(Geoffroy, 1812)",1812,"s","LC","LC",1301874,"Partial",380919,0.4725,"<50%",21794,0.0167,"<5%",420573,39654,0.0942856531446384,"LC"
"Calomys tocantinsi",105,"Calomys tocantinsi","Mammals","Cricetidae","Calomys","Calomys tocantinsi Bonvicino et al., 2003","Bonvicino et al., 2003",2003,"s","LC","LC",155446,"Partial",58034,0.831,">80%",9269,0.0596,"<17%",61853,3819,0.0617431652466331,"LC"
"Carterodon sulcidens",106,"Carterodon sulcidens","Mammals","Echimyidae","Carterodon","Carterodon sulcidens (Lund, 1838)","(Lund, 1838)",1838,"s","DD","DD",1099681,"Partial",354934,0.3956,"<50%",5637,0.0051,"<1%",394486,39552,0.100262113230888,"DD"
"Celeus obrieni",107,"Celeus obrieni","Birds","Picidae","Celeus","Celeus obrieni Short, 1973","Short, 1973",1973,"s","VU","VU",825273,"Restricted",422126,0.6704,"<80%",31799,0.0385,"<5%",478330,56204,0.117500470386553,"VU"
"Cercomacra ferdinandi",108,"Cercomacra ferdinandi","Birds","Thamnophilidae","Cercomacra","Cercomacra ferdinandi Snethlage, 1928","Snethlage, 1928",1928,"s","NT","NT",269082,"Partial",83782,0.7492,"<80%",9616,0.0357,"<5%",93759,9977,0.106411117866018,"NT"
"Cerradomys akroai",109,"Cerradomys akroai","Mammals","Cricetidae","Cerradomys","Cerradomys akroai Bonvicino et al., 2014","Bonvicino et al., 2014",2014,"s","-","DD",748,"Restricted",693,0.9252,">80%",275,0.3676,">17%",722,29,0.0401662049861496,"DD"
"Cerradomys marinhus",110,"Cerradomys marinhus","Mammals","Cricetidae","Cerradomys","Cerradomys marinhus (Bonvicino, 2003)","(Bonvicino, 2003)",2003,"s","LC","LC",291448,"Partial",118434,0.4466,"<50%",7898,0.0271,"<5%",133048,14614,0.109840057723528,"LC"
"Cerradomys scotti",111,"Cerradomys scotti","Mammals","Cricetidae","Cerradomys","Cerradomys scotti (Langguth & Bonvicino, 2002)","(Langguth & Bonvicino, 2002)",2002,"s","LC","LC",2281453,"Wide",649403,0.4525,"<50%",46800,0.0205,"<5%",722350,72947,0.100985671765765,"LC"
"Charitospiza eucosma",112,"Charitospiza eucosma","Birds","Thraupidae","Charitospiza","Charitospiza eucosma Oberholser, 1905","Oberholser, 1905",1905,"s","NT","LC",3270074,"Wide",959545,0.5228,"<80%",59197,0.0181,"<5%",1067750,108205,0.101339264809178,"LC"
"Chiasmocleis albopunctata",113,"Chiasmocleis albopunctata","Amphibians","Microhylidae","Chiasmocleis","Chiasmocleis albopunctata (Boettger, 1885)","(Boettger, 1885)",1885,"n","LC","LC",2062226,"Wide",675047,0.4624,"<50%",41764,0.0203,"<5%",751051,76004,0.101196856138931,"LC"
"Chiasmocleis centralis",114,"Chiasmocleis centralis","Amphibians","Microhylidae","Chiasmocleis","Chiasmocleis centralis Bokermann, 1952","Bokermann, 1952",1952,"n","DD","DD",368,"Partial",149,0.4038,"<50%",0,0,"0%",190,41,0.215789473684211,"DD"
"Chironius brazili",115,"Chironius brazili*","Reptiles","Colubridae","Chironius","Chironius brazili* Hamdan & Fernandes, 2015","Hamdan & Fernandes, 2015",2015,"s","-","LC",1108760,"Partial",169352,0.3389,"<50%",8463,0.0076,"<1%",178334,8982,0.050366166855451,"LC"
"Cinclodes espinhacensis",116,"Cinclodes espinhacensis","Birds","Furnariidae","Cinclodes","Cinclodes espinhacensis Freitas et al., 2012","Freitas et al., 2012",2012,"s","-","EN",2941,"Restricted",1442,0.6735,"<80%",454,0.1544,"<17%",1441,-1,-0.000693962526023595,"EN"
"Clibanornis rectirostris",117,"Clibanornis rectirostris","Birds","Furnariidae","Clibanornis","Clibanornis rectirostris (Wied, 1831)","(Wied, 1831)",1831,"s","LC","LC",1678654,"Partial",399466,0.376,"<50%",20477,0.0122,"<5%",434936,35470,0.0815522283738297,"LC"
"Clyomys laticeps",118,"Clyomys laticeps","Mammals","Echimyidae","Clyomys","Clyomys laticeps (Thomas, 1909)","(Thomas, 1909)",1909,"s","LC","LC",1373496,"Partial",340536,0.3446,"<50%",13027,0.0095,"<1%",370852,30316,0.0817468963360047,"LC"
"Coleodactylus brachystoma",119,"Coleodactylus brachystoma","Reptiles","Sphaerodactylidae","Coleodactylus","Coleodactylus brachystoma (Amaral, 1935)","(Amaral, 1935)",1935,"n","LC","LC",477642,"Partial",227210,0.5163,"<80%",19979,0.0418,"<5%",255519,28309,0.110790195641029,"LC"
"Colobosaura modesta",120,"Colobosaura modesta","Reptiles","Gymnophthalmidae","Colobosaura","﻿Colobosaura modesta (Reinhardt & Lütken, 1862)","(Reinhardt & Lütken, 1862)",1862,"n","LC","LC",3352590,"Wide",844865,0.5393,"<80%",51953,0.0155,"<5%",943917,99052,0.104937192570957,"LC"
"Columbina cyanopis",121,"Columbina cyanopis","Birds","Columbidae","Columbina","Columbina cyanopis (Pelzeln, 1870)","(Pelzeln, 1870)",1870,"s","CR","CR",2172,"Partial",833,0.5336,"<80%",264,0.1215,"<17%",897,64,0.0713489409141583,"CR"
"Conothraupis mesoleuca",122,"Conothraupis mesoleuca","Birds","Thraupidae","Conothraups","Conothraupis mesoleuca (Berlioz, 1939)","(Berlioz, 1939)",1939,"s","EN","EN",144734,"Partial",62536,0.5009,"<80%",1853,0.0128,"<5%",69491,6955,0.100084903080975,"EN"
"Coryphaspiza melanotis",123,"Coryphaspiza melanotis","Birds","Thraupidae","Coryphaspiza","Coryphaspiza melanotis (Temminck, 1822)","(Temminck, 1822)",1822,"s","VU","VU",3576856,"Partial",852145,0.5149,"<80%",55246,0.0154,"<5%",944067,91922,0.0973680893411167,"VU"
"Crossodactylus franciscanus",124,"Crossodactylus franciscanus*","Amphibians","Hylodidae","Crossodactylus","Crossodactylus franciscanus* Pimenta et al. 2015","Pimenta et al. 2015",2015,"s","-","CR",714,"Restricted",138,0.21,"<30%",91,0.1275,"<17%",137,-1,-0.0072992700729927,"CR"
"Crossodactylus trachystomus",125,"Crossodactylus trachystomus","Amphibians","Hylodidae","Crossodactylus","Crossodactylus trachystomus (Reinhardt & Lütken, 1862)","(Reinhardt & Lütken, 1862)",1862,"n","DD","LC",33530,"Restricted",13244,0.665,"<80%",2490,0.0743,"<17%",13959,715,0.0512214342001576,"LC"
"Ctenomys bicolor",126,"Ctenomys bicolor","Mammals","Ctenomyidae","Ctenomys","Ctenomys bicolor Miranda-Ribeiro, 1914","Miranda-Ribeiro, 1914",1914,"s","-","EN",108826,"Partial",49839,0.594,"<80%",5,0,"0%",57887,8048,0.139029488486189,"EN"
"Ctenomys nattereri",127,"Ctenomys nattereri","Mammals","Ctenomyidae","Ctenomys","Ctenomys nattereri Wagner, 1848","Wagner, 1848",1848,"s","LC","LC",195476,"Partial",33118,0.629,"<80%",15090,0.0772,"<17%",37284,4166,0.111736938096771,"LC"
"Cyanocorax cristatellus",128,"Cyanocorax cristatellus","Birds","Corvidae","Cyanocorax","Cyanocorax cristatellus (Temminck, 1823)","(Temminck, 1823)",1823,"s","LC","LC",4033939,"Wide",982901,0.5202,"<80%",69579,0.0172,"<5%",1091882,108981,0.0998102359046124,"LC"
"Dendropsophus anataliasiasi",129,"Dendropsophus anataliasiasi","Amphibians","Hylidae","Dendropsophus","Dendropsophus anataliasiasi (Bokermann, 1972)","(Bokermann, 1972)",1972,"n","LC","LC",400550,"Partial",190107,0.6175,"<80%",10619,0.0265,"<5%",214093,23986,0.112035423857856,"LC"
"Dendropsophus araguaya",130,"Dendropsophus araguaya","Amphibians","Hylidae","Dendropsophus","Dendropsophus araguaya (Napoli & Caramaschi, 1998)","(Napoli & Caramaschi, 1998)",1998,"n","DD","LC",2451,"Restricted",1052,0.4292,"<50%",0,0,"0%",1142,90,0.0788091068301226,"LC"
"Dendropsophus cerradensis",131,"Dendropsophus cerradensis","Amphibians","Hylidae","Dendropsophus","Dendropsophus cerradensis (Napoli & Caramaschi, 1998)","(Napoli & Caramaschi, 1998)",1998,"n","DD","DD",714,"Restricted",159,0.2221,"<30%",0,0,"0%",166,7,0.0421686746987952,"DD"
"Dendropsophus cruzi",132,"Dendropsophus cruzi","Amphibians","Hylidae","Dendropsophus","Dendropsophus cruzi (Pombal & Bastos, 1998)","(Pombal & Bastos, 1998)",1998,"n","LC","LC",944655,"Partial",388771,0.5313,"<80%",25152,0.0266,"<5%",431582,42811,0.0991955178853613,"LC"
"Dendropsophus elianeae",133,"Dendropsophus elianeae","Amphibians","Hylidae","Dendropsophus","Dendropsophus elianeae (Napoli & Caramaschi, 2000)","(Napoli & Caramaschi, 2000)",2000,"n","LC","LC",980367,"Partial",203858,0.2832,"<30%",6428,0.0066,"<1%",218925,15067,0.0688226561607857,"LC"
"Dendropsophus jimi",134,"Dendropsophus jimi","Amphibians","Hylidae","Dendropsophus","Dendropsophus jimi (Napoli & Caramaschi, 1999)","(Napoli & Caramaschi, 1999)",1999,"n","LC","LC",828098,"Partial",141123,0.2543,"<30%",4985,0.006,"<1%",149135,8012,0.0537231367552888,"LC"
"Dendropsophus rhea",135,"Dendropsophus rhea","Amphibians","Hylidae","Dendropsophus","Dendropsophus rhea (Napoli & Caramaschi, 1999)","(Napoli & Caramaschi, 1999)",1999,"n","DD","DD",420,"Restricted",64,0.1513,"<30%",0,0,"0%",59,-5,-0.0847457627118644,"DD"
"Dendropsophus rubicundulus",136,"Dendropsophus rubicundulus","Amphibians","Hylidae","Dendropsophus","Dendropsophus rubicundulus (Reinhardt & Lütken, 1862)","(Reinhardt & Lütken, 1862)",1862,"n","LC","LC",1479361,"Partial",635401,0.5695,"<80%",44925,0.0304,"<5%",705618,70217,0.0995113503340334,"LC"
"Dendropsophus tritaeniatus",137,"Dendropsophus tritaeniatus","Amphibians","Hylidae","Dendropsophus","Dendropsophus tritaeniatus (Bokermann, 1965)","(Bokermann, 1965)",1965,"n","LC","LC",1460,"Restricted",610,0.4175,"<50%",75,0.0514,"<17%",673,63,0.0936106983655275,"LC"
"Drymoluber brazili",138,"Drymoluber brazili","Reptiles","Colubridae","Drymoluber","Drymoluber brazili (Gomes, 1918)","(Gomes, 1918)",1918,"n","LC","LC",3738607,"Wide",869782,0.5027,"<80%",55857,0.0149,"<5%",968392,98610,0.101828598336211,"LC"
"Elachistocleis bumbameuboi",139,"Elachistocleis bumbameuboi","Amphibians","Microhylidae","Elachistocleis","Elachistocleis bumbameuboi Caramaschi, 2010","Caramaschi, 2010",2010,"n","DD","LC",757,"Restricted",251,0.6658,"<80%",0,0,"0%",323,72,0.222910216718266,"LC"
"Elachistocleis matogrosso",140,"Elachistocleis matogrosso","Amphibians","Microhylidae","Elachistocleis","Elachistocleis matogrosso Caramaschi, 2010","Caramaschi, 2010",2010,"n","LC","LC",158207,"Partial",25882,0.4661,"<50%",1085,0.0069,"<1%",28656,2774,0.0968034617532105,"LC"
"Embernagra longicauda",141,"Embernagra longicauda","Birds","Thraupidae","Embernagra","Embernagra longicauda Strickland, 1844","Strickland, 1844",1844,"s","LC","LC",218284,"Partial",34351,0.6206,"<80%",3818,0.0175,"<5%",35864,1513,0.0421871514610752,"LC"
"Enyalius capetinga",142,"Enyalius capetinga*","Reptiles","Leiosauridae","Enyalius","Enyalius capetinga* Breitman et al., 2018","Breitman et al., 2018",2018,"s","-","-",2536,"Restricted",1467,0.5773,"<80%",439,0.1731,">17%",1513,46,0.030403172504957,"-"
"Epicrates crassus",143,"Epicrates crassus","Reptiles","Boidae","Epicrates","Epicrates crassus Cope, 1862","Cope, 1862",1862,"n","LC","LC",4378535,"Wide",830493,0.4884,"<50%",69196,0.0158,"<5%",923239,92746,0.100457194724226,"LC"
"Epictia clinorostris",144,"Epictia clinorostris*","Reptiles","Leptotyphlopidae","Epictia","Epictia clinorostris* Arredondo & Zaher, 2010","Arredondo & Zaher, 2010",2010,"s","VU","LC",28685,"Restricted",14959,0.5223,"<80%",110,0.0038,"<1%",16650,1691,0.101561561561562,"LC"
"Erythrolamprus maryellenae",145,"Erythrolamprus maryellenae","Reptiles","Dipsadidae","Erythrolamprus","Erythrolamprus maryellenae (Dixon, 1985)","(Dixon, 1985)",1985,"n","LC","LC",1096089,"Partial",436682,0.4892,"<50%",24325,0.0222,"<5%",483771,47089,0.0973373765686658,"LC"
"Eurolophosaurus nanuzae",146,"Eurolophosaurus nanuzae","Reptiles","Tropiduridae","Eurolophosaurus","Eurolophosaurus nanuzae (Rodrigues, 1981)","(Rodrigues, 1981)",1981,"n","LC","LC",21992,"Restricted",6674,0.672,"<80%",483,0.022,"<5%",7154,480,0.0670953312831982,"LC"
"Euryoryzomys lamia",147,"Euryoryzomys lamia","Mammals","Cricetidae","Euryoryzomys","Euryoryzomys lamia (Thomas, 1901)","(Thomas, 1901)",1901,"s","VU","EN",45977,"Restricted",20836,0.4566,"<50%",731,0.0159,"<5%",22486,1650,0.0733789913724095,"EN"
"Euscarthmus rufomarginatus",148,"Euscarthmus rufomarginatus","Birds","Tyrannidae","Euscarthmus","Euscarthmus rufomarginatus  (Pelzeln, 1868)","(Pelzeln, 1868)",1868,"s","NT","LC",3904841,"Wide",858020,0.5358,"<80%",60224,0.0154,"<5%",962972,104952,0.108987592577977,"LC"
"Galea flavidens",149,"Galea flavidens","Mammals","Caviidae","Galea","Galea flavidens (Brandt, 1835)","(Brandt, 1835)",1835,"s","LC","-",1324021,"Partial",625150,0.5706,"<80%",38848,0.0293,"<5%",704416,79266,0.112527256621088,"-"
"Geositta poeciloptera",150,"Geositta poeciloptera","Birds","Scleruridae","Geositta","Geositta poeciloptera (Wied, 1830)","(Wied, 1830)",1830,"s","VU","VU",1987612,"Partial",545566,0.4153,"<50%",25237,0.0127,"<5%",600880,55314,0.0920549860205033,"VU"
"Guyramemua affine",151,"Guyramemua affine","Birds","Tyrannidae","Guyramemua","Guyramemua affine (Burmeister, 1856)","(Burmeister, 1856)",1856,"s","NT","LC",1104,"Partial",754012,0.5315,"<80%",57811,0.0242,"<5%",846691,92679,0.109460239922238,"LC"
"Gyldenstolpia planaltensis",152,"Gyldenstolpia planaltensis","Mammals","Cricetidae","Gyldenstolpia","Gyldenstolpia planaltensis (Avila-Pires, 1972)","(Avila-Pires, 1972)",1972,"s","-","EN",609460,"Restricted",456,0.4882,"<50%",167,0.1513,"<17%",504,48,0.0952380952380952,"EN"
"Gymnodactylus amarali",153,"Gymnodactylus amarali","Reptiles","Phyllodactylidae","Gymnodactylus","Gymnodactylus amarali Barbour, 1925","Barbour, 1925",1925,"n","LC","LC",362,"Partial",322631,0.6106,"<80%",28995,0.0476,"<5%",366236,43605,0.119062571675095,"LC"
"Gymnodactylus guttulatus",154,"Gymnodactylus guttulatus","Reptiles","Phyllodactylidae","Gymnodactylus","Gymnodactylus guttulatus Vanzolini, 1982","Vanzolini, 1982",1982,"n","LC","LC",365,"Restricted",327,0.9033,">80%",27,0.0746,"<17%",331,4,0.0120845921450151,"LC"
"Helicops boitata",155,"Helicops boitata*","Reptiles","Dipsadidae","Helicops","Helicops boitata* Moraes-da-Silva et al., 2019","Moraes-da-Silva et al., 2019",2019,"s","-","LC",413583,"Restricted",302,0.8251,">80%",0,0,"0%",326,24,0.0736196319018405,"LC"
"Helicops gomesi",156,"Helicops gomesi*","Reptiles","Dipsadidae","Helicops","Helicops gomesi* Amaral, 1921","Amaral, 1921",1921,"s","LC","LC",88053,"Partial",60073,0.2083,"<30%",2688,0.0065,"<1%",60766,693,0.0114044037784287,"LC"
"Helicops phantasma",157,"Helicops phantasma*","Reptiles","Dipsadidae","Helicops","Helicops phantasma* Moraes-da-Silva et al., 2021 ","Moraes-da-Silva et al., 2021 ",2021,"s","-","LC",2359869,"Partial",49465,0.7467,"<80%",2697,0.0306,"<5%",55561,6096,0.109717247709724,"LC"
"Herpsilochmus longirostris",158,"Herpsilochmus longirostris","Birds","Thamnophilidae","Herpsilochmus","Herpsilochmus longirostris Pelzeln, 1868","Pelzeln, 1868",1868,"s","LC","LC",34452,"Partial",727067,0.4818,"<50%",46636,0.0198,"<5%",807127,80060,0.0991913292455834,"LC"
"Heterodactylus lundii",159,"Heterodactylus lundii","Reptiles","Gymnophthalmidae","Heterodactylus","Heterodactylus lundii Reinhardt & Luetken, 1862","Reinhardt & Luetken, 1862",1862,"n","EN","VU",668490,"Restricted",9892,0.2907,"<30%",124,0.0036,"<1%",10410,518,0.049759846301633,"VU"
"Holochilus sciureus",160,"Holochilus sciureus","Mammals","Cricetidae","Holochilus","Holochilus sciureus Wagner, 1842","Wagner, 1842",1842,"s","LC","LC",2749462,"Partial",358233,0.6181,"<80%",32800,0.0491,"<5%",408680,50447,0.1234388763825,"LC"
"Hoplocercus spinosus",161,"Hoplocercus spinosus","Reptiles","Hoplocercidae","Hoplocercus","Hoplocercus spinosus Fitzinger, 1843","Fitzinger, 1843",1843,"n","LC","LC",1108625,"Partial",717075,0.5495,"<80%",58908,0.0214,"<5%",811809,94734,0.116694936863228,"LC"
"Hydropsalis candicans",162,"Hydropsalis candicans","Birds","Caprimulgidae","Hydropsalis","Hydropsalis candicans (Pelzeln, 1867)","(Pelzeln, 1867)",1867,"s","VU","EN",63007,"Partial",118294,0.2682,"<30%",6128,0.0055,"<1%",127648,9354,0.0732796440210579,"EN"
"Hylaeamys acritus",163,"Hylaeamys acritus","Mammals","Cricetidae","Hylaeamys","Hylaeamys acritus (Emmons & Patton, 2005)","(Emmons & Patton, 2005)",2005,"s","DD","-",375,"Partial",NA,NA,NA,6940,0.1101,"<17%",NA,NA,NA,"-"
"Hylodes otavioi",164,"Hylodes otavioi","Amphibians","Hylodidae","Hylodes","Hylodes otavioi Sazima & Bokermann, 1983","Sazima & Bokermann, 1983",1983,"n","DD","NT",45228,"Restricted",160,0.7407,"<80%",74,0.1973,">17%",159,-1,-0.00628930817610063,"NT"
"Ischnocnema penaxavantinho",165,"Ischnocnema penaxavantinho","Amphibians","Brachycephalidae","Ischnocnema","Ischnocnema penaxavantinho Giaretta et al., 2007","Giaretta et al., 2007",2007,"n","DD","LC",366,"Restricted",13259,0.3008,"<50%",55,0.0012,"<1%",14682,1423,0.0969214003541752,"LC"
"Juscelinomys candango",166,"Juscelinomys candango","Mammals","Cricetidae","Juscelinomys","Juscelinomys candango Moojen, 1965","Moojen, 1965",1965,"s","EX","CR",1201,"Restricted",146,0.4,"<50%",83,0.2268,">17%",162,16,0.0987654320987654,"CR"
"Juscelinomys huanchacae",167,"Juscelinomys huanchacae","Mammals","Cricetidae","Juscelinomys","Juscelinomys huanchacae Emmons, 1999","Emmons, 1999",1999,"s","DD","-",892348,"Restricted",NA,NA,NA,1201,1,">17%",NA,NA,NA,"-"
"Kentropyx paulensis",168,"Kentropyx paulensis","Reptiles","Teiidae","Kentropyx","Kentropyx paulensis Boettger, 1893","Boettger, 1893",1893,"n","LC","LC",668452,"Partial",275725,0.3721,"<50%",10957,0.0123,"<5%",298826,23101,0.0773058569200806,"LC"
"Kentropyx vanzoi",169,"Kentropyx vanzoi","Reptiles","Teiidae","Kentropyx","Kentropyx vanzoi Gallagher & Dixon, 1980","Gallagher & Dixon, 1980",1980,"n","NT","VU",6089,"Partial",224753,0.4678,"<50%",5750,0.0086,"<1%",254191,29438,0.115810551907817,"VU"
"Kerodon acrobata",170,"Kerodon acrobata","Mammals","Caviidae","Kerodon","Kerodon acrobata Moojen et al., 1997","Moojen et al., 1997",1997,"s","DD","VU",250655,"Restricted",3513,0.5768,"<80%",0,0,"0%",4202,689,0.163969538315088,"VU"
"Knipolegus franciscanus",171,"Knipolegus franciscanus","Birds","Tyrannidae","Knipolegus","Knipolegus franciscanus Snethlage, 1928","Snethlage, 1928",1928,"s","LC","VU",3560689,"Partial",125976,0.5866,"<80%",7248,0.0289,"<5%",142756,16780,0.117543220600185,"VU"
"Kunsia tomentosus",172,"Kunsia tomentosus","Mammals","Cricetidae","Kunsia","Kunsia tomentosus (Lichtenstein, 1830)","(Lichtenstein, 1830)",1830,"s","LC","LC",835712,"Partial",408600,0.3767,"<50%",30019,0.0084,"<1%",450627,42027,0.0932633863483546,"LC"
"Laterallus xenopterus",173,"Laterallus xenopterus","Birds","Rallidae","Laterallus","Laterallus xenopterus Conover, 1934","Conover, 1934",1934,"s","VU","EN",361,"Partial",262674,0.3621,"<50%",14436,0.0173,"<5%",287436,24762,0.0861478729177974,"EN"
"Leposternon cerradensis",174,"Leposternon cerradensis","Reptiles","Amphisbaenidae","Leposternon","Leposternon cerradensis Ribeiro et al., 2008","Ribeiro et al., 2008",2008,"n","DD","DD",853,"Restricted",96,0.2652,"<30%",0,0,"0%",72,-24,-0.333333333333333,"DD"
"Leposternon maximus",175,"Leposternon maximus","Reptiles","Amphisbaenidae","Leposternon","Leposternon maximus Ribeiro et al., 2011","Ribeiro et al., 2011",2011,"n","LC","LC",726,"Restricted",738,0.8662,">80%",259,0.3036,">17%",767,29,0.0378096479791395,"LC"
"Leposternon mineiro",176,"Leposternon mineiro*","Reptiles","Amphisbaenidae","Leposternon","Leposternon mineiro* Ribeiro et al., 2018","Ribeiro et al., 2018",2018,"s","-","-",207024,"Restricted",278,0.3829,"<50%",0,0,"0%",329,51,0.155015197568389,"-"
"Leptodactylus brevipes",177,"Leptodactylus brevipes*","Amphibians","Leptodactylidae","Leptodactylus","Leptodactylus brevipes* Cope, 1887","Cope, 1887",1887,"s","-","-",12495,"Partial",80886,0.4888,"<50%",568,0.0027,"<1%",94928,14042,0.147922636103152,"-"
"Leptodactylus camaquara",178,"Leptodactylus camaquara","Amphibians","Leptodactylidae","Leptodactylus","Leptodactylus camaquara Sazima & Bokermann, 1978","Sazima & Bokermann, 1978",1978,"n","DD","LC",42533,"Restricted",6352,0.7973,"<80%",892,0.0714,"<17%",6725,373,0.0554646840148699,"LC"
"Leptodactylus cunicularius",179,"Leptodactylus cunicularius","Amphibians","Leptodactylidae","Leptodactylus","Leptodactylus cunicularius Sazima & Bokermann, 1978","Sazima & Bokermann, 1978",1978,"n","LC","LC",1856186,"Restricted",5927,0.3202,"<50%",494,0.0116,"<5%",5859,-68,-0.0116060761222052,"LC"
"Leptodactylus furnarius",180,"Leptodactylus furnarius","Amphibians","Leptodactylidae","Leptodactylus","Leptodactylus furnarius Sazima & Bokermann, 1978","Sazima & Bokermann, 1978",1978,"n","LC","LC",32359,"Partial",585617,0.4485,"<50%",28313,0.0153,"<5%",648092,62475,0.0963983508514223,"LC"
"Leptodactylus kilombo",181,"Leptodactylus kilombo*","Amphibians","Leptodactylidae","Leptodactylus","Leptodactylus kilombo* Silva et al., 2020","Silva et al., 2020",2020,"s","-","-",1805011,"Restricted",15893,0.5481,"<80%",601,0.0186,"<5%",20589,4696,0.228082956918743,"-"
"Leptodactylus pustulatus",182,"Leptodactylus pustulatus","Amphibians","Leptodactylidae","Leptodactylus","Leptodactylus pustulatus (Peters, 1870)","(Peters, 1870)",1970,"n","LC","LC",1955949,"Partial",612020,0.6464,"<80%",39705,0.022,"<5%",696634,84614,0.121461197702093,"LC"
"Leptodactylus sertanejo",183,"Leptodactylus sertanejo","Amphibians","Leptodactylidae","Leptodactylus","Leptodactylus sertanejo Giaretta & Costa, 2007","Giaretta & Costa, 2007",2007,"n","LC","LC",369,"Wide",686055,0.4688,"<50%",41134,0.021,"<5%",765103,79048,0.103316808325154,"LC"
"Leptodactylus tapiti",184,"Leptodactylus tapiti","Amphibians","Leptodactylidae","Leptodactylus","Leptodactylus tapiti Sazima & Bokermann, 1978","Sazima & Bokermann, 1978",1978,"n","DD","LC",709,"Restricted",332,0.8973,">80%",73,0.1978,">17%",335,3,0.00895522388059702,"LC"
"Liotyphlops schubarti",185,"Liotyphlops schubarti","Reptiles","Anomalepididae","Liotyphlops","Liotyphlops schubarti Vanzolini, 1948","Vanzolini, 1948",1948,"n","DD","DD",367,"Restricted",144,0.2031,"<30%",0,0,"0%",146,2,0.0136986301369863,"DD"
"Liotyphlops taylori",186,"Liotyphlops taylori*","Reptiles","Anomalepididae","Liotyphlops","Liotyphlops taylori* Marra-Santos & Reis, 2018","Marra-Santos & Reis, 2018",2018,"s","-","LC",33611,"Restricted",296,0.8087,">80%",135,0.3678,">17%",309,13,0.0420711974110032,"LC"
"Lonchophylla bokermanni",187,"Lonchophylla bokermanni","Mammals","Phyllostomidae","Lonchophylla","Lonchophylla bokermanni Sazima et al., 1978","Sazima et al., 1978",1978,"s","EN","VU",1888936,"Restricted",9878,0.8016,">80%",1197,0.0356,"<5%",10385,507,0.0488204140587386,"VU"
"Lonchophylla dekeyseri",188,"Lonchophylla dekeyseri","Mammals","Phyllostomidae","Lonchophylla","Lonchophylla dekeyseri Taddei et al., 1983","Taddei et al., 1983",1983,"s","EN","EN",2865103,"Partial",752400,0.61,"<80%",54623,0.0289,"<5%",843453,91053,0.1079526660051,"EN"
"Lycalopex vetulus",189,"Lycalopex vetulus","Mammals","Canidae","Lycalopex","Lycalopex vetulus (Lund, 1842)","(Lund, 1842)",1842,"s","NT","VU",2337650,"Wide",916241,0.5232,"<80%",55754,0.0195,"<5%",1018134,101893,0.100078182243202,"VU"
"Lygophis paucidens",190,"Lygophis paucidens","Reptiles","Dipsadidae","Lygophis","Lygophis paucidens (Hoge, 1953)","(Hoge, 1953)",1953,"n","LC","LC",36218,"Partial",807705,0.5473,"<80%",51135,0.0219,"<5%",904410,96705,0.106926062294756,"LC"
"Lysapsus caraya",191,"Lysapsus caraya","Amphibians","Hylidae","Lysapsus","Lysapsus caraya Gallardo, 1964","Gallardo, 1964",1964,"n","LC","LC",1791497,"Restricted",27590,0.847,">80%",7269,0.2007,">17%",28711,1121,0.0390442687471701,"LC"
"Manciola guaporicola",192,"Manciola guaporicola","Reptiles","Scincidae","Maciola","Manciola guaporicola (Dunn, 1935)","(Dunn, 1935)",1935,"n","LC","LC",3451937,"Partial",396033,0.426,"<50%",27639,0.0154,"<5%",439087,43054,0.0980534609314327,"LC"
"Melanopareia torquata",193,"Melanopareia torquata","Birds","Melanopareiidae","Melanopareia","Melanopareia torquata (Wied, 1831)","(Wied, 1831)",1831,"s","LC","LC",1165723,"Wide",913971,0.5088,"<80%",58797,0.017,"<5%",1017597,103626,0.101834026633333,"LC"
"Micrablepharus atticolus",194,"Micrablepharus atticolus","Reptiles","Gymnophthalmidae","Micrablepharus","Micrablepharus atticolus Rodrigues, 1996","Rodrigues, 1996",1996,"n","LC","LC",733,"Partial",380022,0.4347,"<50%",9664,0.0083,"<1%",418853,38831,0.092707942882109,"LC"
"Microakodontomys transitorius",195,"Microakodontomys transitorius","Mammals","Cricetidae","Microakodontomys","Microakodontomys transitorius Hershkovitz, 1993","Hershkovitz, 1993",1993,"s","EN","EN",626550,"Restricted",508,0.693,"<80%",318,0.4338,">17%",517,9,0.0174081237911025,"EN"
"Microspingus cinereus",196,"Microspingus cinereus","Birds","Thraupidae","Microspingus","Microspingus cinereus Bonaparte, 1850","Bonaparte, 1850",1850,"s","LC","LC",197935,"Partial",305178,0.3784,"<50%",13734,0.0127,"<5%",331291,26113,0.0788219420388722,"LC"
"Micrurus brasiliensis",197,"Micrurus brasiliensis","Reptiles","Elapidae","Micrurus","Micrurus brasiliensis Roze, 1967","Roze, 1967",1967,"n","LC","LC",3347924,"Partial",342342,0.7054,"<80%",28962,0.0462,"<5%",385014,42672,0.110832333369696,"LC"
"Micrurus tricolor",198,"Micrurus tricolor","Reptiles","Elapidae","Micrurus","Micrurus tricolor Hoge, 1956","Hoge, 1956",1956,"n","LC","LC",734,"Partial",26513,0.4686,"<50%",1083,0.0055,"<1%",28945,2432,0.0840214199343583,"LC"
"Monodelphis kunsi",199,"Monodelphis kunsi","Mammals","Didelphidae","Monodelphis","Monodelphis kunsi Pine, 1975","Pine, 1975",1975,"s","LC","LC",1694948,"Partial",604014,0.433,"<50%",43365,0.013,"<5%",668384,64370,0.0963069133911045,"LC"
"Monodelphis sanctaerosae",200,"Monodelphis sanctaerosae","Mammals","Didelphidae","Monodelphis","Monodelphis sanctaerosae Voss et al., 2012","Voss et al., 2012",2012,"s","-","-",4017704,"Restricted",290,0.7859,"<80%",0,0,"0%",305,15,0.0491803278688525,"-"
"Myiothlypis leucophrys",201,"Myiothlypis leucophrys","Birds","Parulidae","Myiothlypis","Myiothlypis leucophrys (Pelzeln, 1868)","(Pelzeln, 1868)",1868,"s","LC","LC",1222422,"Partial",572190,0.4424,"<50%",27987,0.0165,"<5%",636994,64804,0.101734082267651,"LC"
"Neothraupis fasciata",202,"Neothraupis fasciata","Birds","Thraupidae","Neothraupis","Neothraupis fasciata (Lichtenstein, 1823)","(Lichtenstein, 1823)",1823,"s","NT","LC",47687,"Wide",932760,0.5118,"<80%",72913,0.0181,"<5%",1039613,106853,0.102781515814058,"LC"
"Nothura minor",203,"Nothura minor","Birds","Tinamidae","Nothura","Nothura minor (Spix, 1825)","(Spix, 1825)",1825,"s","VU","EN",263013,"Partial",261373,0.3081,"<50%",6810,0.0056,"<1%",281814,20441,0.0725336569510386,"EN"
"Nyctiprogne vielliardi",204,"Nyctiprogne vielliardi","Birds","Caprimulgidae","Nyctiprogne","Nyctiprogne vielliardi (Lencioni-Neto, 1994)","(Lencioni-Neto, 1994)",1994,"s","LC","EN",602779,"Restricted",22173,0.6429,"<80%",864,0.0181,"<5%",23606,1433,0.0607049055324917,"EN"
"Nystalus striatipectus",205,"Nystalus striatipectus","Birds","Bucconidae","Nystalus","Nystalus striatipectus (Sclater 1854)","(Sclater 1854)",1854,"s","-","LC",43994,"Partial",43668,0.2832,"<30%",1112,0.0042,"<1%",48573,4905,0.100982027052066,"LC"
"Odontophrynus cultripes",206,"Odontophrynus cultripes","Amphibians","Odontophrynidae","Odontophrynus","Odontophrynus cultripes Reinhardt & Lütken, 1862","Reinhardt & Lütken, 1862",1862,"n","LC","LC",358,"Partial",144132,0.3068,"<50%",5950,0.0099,"<1%",152655,8523,0.0558317775375847,"LC"
"Odontophrynus juquinha",207,"Odontophrynus juquinha*","Amphibians","Odontophrynidae","Odontophrynus","Odontophrynus juquinha* Rocha et al. 2017","Rocha et al. 2017",2017,"s","-","LC",833008,"Restricted",18769,0.7003,"<80%",3026,0.0688,"<17%",19956,1187,0.0594808578873522,"LC"
"Odontophrynus monachus",208,"Odontophrynus monachus","Amphibians","Odontophrynidae","Odontophrynus","Odontophrynus monachus Caramaschi & Napoli, 2012","Caramaschi & Napoli, 2012",2012,"n","-","LC",297359,"Restricted",161,0.451,"<50%",186,0.5196,">17%",154,-7,-0.0454545454545455,"LC"
"Oecomys cleberi",209,"Oecomys cleberi","Mammals","Cricetidae","Oecomys","Oecomys cleberi Locks, 1981","Locks, 1981",1981,"s","DD","LC",1470,"Partial",201750,0.3215,"<50%",4694,0.0056,"<1%",221133,19383,0.0876531318256434,"LC"
"Oligoryzomys moojeni",210,"Oligoryzomys moojeni","Mammals","Cricetidae","Oligoryzomys","Oligoryzomys moojeni Weksler & Bonvicino, 2005","Weksler & Bonvicino, 2005",2005,"s","DD","LC",1286,"Partial",175394,0.6323,"<80%",21823,0.0734,"<17%",200570,25176,0.125522261554569,"LC"
"Oligoryzomys rupestris",211,"Oligoryzomys rupestris","Mammals","Cricetidae","Oligoryzomys","Oligoryzomys rupestris Weksler & Bonvicino, 2005","Weksler & Bonvicino, 2005",2005,"s","DD","EN",16557,"Partial",472,0.9833,">80%",401,0.2728,">17%",472,0,0,"EN"
"Oreobates antrum",212,"Oreobates antrum*","Amphibians","Craugastoridae","Oreobates","Oreobates antrum* Vaz-Lima et al. 2018","Vaz-Lima et al. 2018",2018,"s","-","LC",933,"Restricted",763,0.5938,"<80%",24,0.0187,"<5%",817,54,0.0660954712362301,"LC"
"Oreobates heterodactylus",213,"Oreobates heterodactylus","Amphibians","Craugastoridae","Oreobates","Oreobates heterodactylus (Miranda-Ribeiro, 1937)","(Miranda-Ribeiro, 1937)",1937,"n","DD","LC",2415453,"Restricted",10771,0.6514,"<80%",524,0.0316,"<5%",11872,1101,0.092739218328841,"LC"
"Oreobates remotus",214,"Oreobates remotus","Amphibians","Craugastoridae","Oreobates","Oreobates remotus Teixeira Jr. et al., 2012","Teixeira Jr. et al., 2012",2012,"n","-","LC",1045,"Restricted",775,0.8315,">80%",389,0.4169,">17%",806,31,0.0384615384615385,"LC"
"Oxymycterus delator",215,"Oxymycterus delator","Mammals","Cricetidae","Oxymycterus","Oxymycterus delator Thomas, 1903","Thomas, 1903",1903,"s","LC","LC",83135,"Wide",715046,0.4799,"<50%",48077,0.0199,"<5%",787419,72373,0.0919116759946102,"LC"
"Oxymycterus itapeby",216,"Oxymycterus itapeby","Mammals","Cricetidae","Oxymycterus","Oxymycterus itapeby Peçanha et al., 2019","Peçanha et al., 2019",2019,"s","-","DD",1054646,"Restricted",178,0.2977,"<30%",0,0,"0%",168,-10,-0.0595238095238095,"DD"
"Paroaria baeri",217,"Paroaria baeri","Birds","Thraupidae","Paroaria","Paroaria baeri Hellmayr, 1907","Hellmayr, 1907",1907,"s","LC","LC",2109777,"Partial",59668,0.739,"<80%",9157,0.1101,"<17%",64101,4433,0.069156487418293,"LC"
"Penelope ochrogaster",218,"Penelope ochrogaster","Birds","Cracidae","Penelope","Penelope ochrogaster Pelzeln, 1870","Pelzeln, 1870",1870,"s","VU","NT",368,"Partial",437183,0.5245,"<80%",24593,0.0233,"<5%",486470,49287,0.101315600139783,"NT"
"Phaethornis nattereri",219,"Phaethornis nattereri","Birds","Trochilidae","Phaethornis","Phaethornis nattereri Berlepsch, 1887","Berlepsch, 1887",1887,"s","LC","LC",17642,"Partial",571652,0.6594,"<80%",42917,0.0203,"<5%",646737,75085,0.116098197567172,"LC"
"Phalotris cerradensis",220,"Phalotris cerradensis*","Reptiles","Dipsadidae","Phalotris","Phalotris cerradensis* Silveira, 2020","Silveira, 2020",2020,"s","-","-",49626,"Restricted",291,0.7929,"<80%",97,0.2636,">17%",357,66,0.184873949579832,"-"
"Phalotris concolor",221,"Phalotris concolor","Reptiles","Dipsadidae","Phalotris","Phalotris concolor Ferrarezzi, 1994","Ferrarezzi, 1994",1994,"n","DD","NT",122868,"Restricted",9640,0.6023,"<80%",154,0.0087,"<1%",10487,847,0.0807666634881282,"NT"
"Phalotris labiomaculatus",222,"Phalotris labiomaculatus","Reptiles","Dipsadidae","Phalotris","Phalotris labiomaculatus Lema, 2002","Lema, 2002",2002,"n","LC","LC",841607,"Restricted",39953,0.8711,">80%",1296,0.0261,"<5%",43625,3672,0.0841719197707736,"LC"
"Phalotris lativittatus",223,"Phalotris lativittatus","Reptiles","Dipsadidae","Phalotris","Phalotris lativittatus Ferrarezzi, 1994","Ferrarezzi, 1994",1994,"n","NT","NT",634842,"Partial",10216,0.1792,"<30%",261,0.0021,"<1%",9690,-526,-0.0542827657378741,"NT"
"Phalotris matogrossensis",224,"Phalotris matogrossensis","Reptiles","Dipsadidae","Phalotris","Phalotris matogrossensis Lema et al., 2005","Lema et al., 2005",2005,"n","LC","LC",1055,"Partial",129725,0.279,"<30%",4806,0.0057,"<1%",140660,10935,0.0777406512156974,"LC"
"Phalotris mertensi",225,"Phalotris mertensi","Reptiles","Dipsadidae","Phalotris","Phalotris mertensi (Hoge, 1955)","(Hoge, 1955)",1955,"n","LC","LC",1511881,"Partial",67590,0.2033,"<30%",2693,0.0042,"<1%",68574,984,0.0143494618951789,"LC"
"Phalotris multipunctatus",226,"Phalotris multipunctatus","Reptiles","Dipsadidae","Phalotris","Phalotris multipunctatus Puorto & Ferrarezzi, 1994","Puorto & Ferrarezzi, 1994",1994,"n","EN","EN",11924,"Partial",103,0.1461,"<30%",8,0.0076,"<1%",103,0,0,"EN"
"Phalotris nasutus",227,"Phalotris nasutus","Reptiles","Dipsadidae","Phalotris","Phalotris nasutus (Gomes, 1915)","(Gomes, 1915)",1915,"n","LC","LC",388737,"Partial",386080,0.4018,"<50%",8774,0.0058,"<1%",426438,40358,0.0946397835089743,"LC"
"Phasmahyla jandaia",228,"Phasmahyla jandaia","Amphibians","Phyllomedusidae","Phasmahyla","Phasmahyla jandaia (Bokermann & Sazima, 1978)","(Bokermann & Sazima, 1978)",1978,"n","LC","LC",724317,"Restricted",2359,0.6377,"<80%",425,0.0356,"<5%",2469,110,0.0445524503847712,"LC"
"Philodryas livida",229,"Philodryas livida","Reptiles","Dipsadidae","Philodryas","Philodryas livida (Amaral, 1923)","(Amaral, 1923)",1923,"n","VU","VU",750210,"Partial",52225,0.2241,"<30%",1995,0.0051,"<1%",56365,4140,0.0734498358910672,"VU"
"Philodryas mattogrossensis",230,"Philodryas mattogrossensis","Reptiles","Dipsadidae","Philodryas","Philodryas mattogrossensis Koslowsky, 1898","Koslowsky, 1898",1898,"n","LC","LC",2411,"Partial",88960,0.2491,"<30%",4421,0.0061,"<1%",95138,6178,0.0649372490487502,"LC"
"Phyllomyias reiseri",231,"Phyllomyias reiseri","Birds","Tyrannidae","Phyllomyias","Phyllomyias reiseri Hellmayr, 1905","Hellmayr, 1905",1905,"s","LC","EN",1334,"Partial",295224,0.4358,"<50%",17866,0.0238,"<5%",331300,36076,0.10889224268035,"EN"
"Phyllomys brasiliensis",232,"Phyllomys brasiliensis","Mammals","Echimyidae","Phyllomys","Phyllomys brasiliensis Lund, 1840","Lund, 1840",1840,"s","EN","EN",240589,"Restricted",903,0.3747,"<50%",107,0.0444,"<5%",879,-24,-0.0273037542662116,"EN"
"Phyllomys centralis",233,"Phyllomys centralis","Mammals","Echimyidae","Phyllomys","Phyllomys centralis Machado et al., 2018","Machado et al., 2018",2018,"s","-","-",583,"Restricted",592,0.4441,"<50%",57,0.0427,"<5%",633,41,0.0647709320695103,"-"
"Phylloscartes roquettei",234,"Phylloscartes roquettei","Birds","Rhynchocyclidae","Phylloscartes","Phylloscartes roquettei Snethlage, 1928","Snethlage, 1928",1928,"s","EN","EN",1826841,"Partial",106492,0.5931,"<80%",7195,0.0299,"<5%",114474,7982,0.0697276237398885,"EN"
"Physalaemus atim",235,"Physalaemus atim*","Amphibians","Leptodactylidae","Physalaemus","Physalaemus atim* Brasileiro & Haddad, 2015","Brasileiro & Haddad, 2015",2015,"s","-","LC",360,"Restricted",132,0.226,"<30%",5,0.0086,"<1%",131,-1,-0.00763358778625954,"LC"
"Physalaemus centralis",236,"Physalaemus centralis","Amphibians","Leptodactylidae","Physalaemus","Physalaemus centralis Bokermann, 1962","Bokermann, 1962",1962,"n","LC","LC",2352,"Wide",596555,0.4776,"<50%",39992,0.0219,"<5%",663858,67303,0.101381620768297,"LC"
"Physalaemus claptoni",237,"Physalaemus claptoni*","Amphibians","Leptodactylidae","Physalaemus","Physalaemus claptoni*  Leal et al., 2020","Leal et al., 2020",2020,"s","-","-",5445,"Restricted",304,0.8421,">80%",57,0.1583,"<17%",305,1,0.00327868852459016,"-"
"Physalaemus deimaticus",238,"Physalaemus deimaticus","Amphibians","Leptodactylidae","Physalaemus","Physalaemus deimaticus Sazima & Caramaschi, 1988","Sazima & Caramaschi, 1988",1988,"n","DD","LC",1228199,"Restricted",1831,0.7791,"<80%",104,0.0442,"<5%",1859,28,0.0150618612157074,"LC"
"Physalaemus evangelistai",239,"Physalaemus evangelistai","Amphibians","Leptodactylidae","Physalaemus","Physalaemus evangelistai Bokermann, 1967","Bokermann, 1967",1967,"n","DD","LC",1987481,"Restricted",3874,0.7112,"<80%",474,0.0871,"<17%",3955,81,0.020480404551201,"LC"
"Physalaemus marmoratus",240,"Physalaemus marmoratus","Amphibians","Leptodactylidae","Physalaemus","Physalaemus marmoratus (Reinhardt & Lütken, 1862)","(Reinhardt & Lütken, 1862)",1862,"n","LC","LC",1108,"Partial",337897,0.361,"<50%",16089,0.0131,"<5%",368155,30258,0.0821882087707623,"LC"
"Physalaemus nattereri",241,"Physalaemus nattereri","Amphibians","Leptodactylidae","Physalaemus","Physalaemus nattereri (Steindachner, 1863)","(Steindachner, 1863)",1863,"n","LC","LC",72110,"Wide",663446,0.4657,"<50%",41283,0.0208,"<5%",741061,77615,0.104734967836656,"LC"
"Pithecopus araguaius",242,"Pithecopus araguaius*","Amphibians","Phyllomedusidae","Pithecopus","Pithecopus araguaius* Haga et al. 2017","Haga et al. 2017",2017,"s","-","LC",2392121,"Partial",656,0.5921,"<80%",98,0.0884,"<17%",665,9,0.0135338345864662,"LC"
"Pithecopus ayeaye",243,"Pithecopus ayeaye","Amphibians","Phyllomedusidae","Pithecopus","Pithecopus ayeaye Lutz, 1966","Lutz, 1966",1966,"n","CR","LC",105166,"Partial",8897,0.3013,"<50%",2091,0.029,"<5%",8684,-213,-0.0245278673422386,"LC"
"Pithecopus azureus",244,"Pithecopus azureus","Amphibians","Phyllomedusidae","Pithecopus","Pithecopus azureus (Cope, 1862)","(Cope, 1862)",1862,"n","DD","LC",53181,"Partial",849310,0.5317,"<80%",53593,0.0224,"<5%",950984,101674,0.106914522221194,"LC"
"Pithecopus centralis",245,"Pithecopus centralis","Amphibians","Phyllomedusidae","Pithecopus","Pithecopus centralis (Bokermann, 1965)","(Bokermann, 1965)",1965,"n","DD","LC",82568,"Partial",30253,0.4749,"<50%",581,0.0055,"<1%",33301,3048,0.0915287829194319,"LC"
"Pithecopus megacephalus",246,"Pithecopus megacephalus","Amphibians","Phyllomedusidae","Pithecopus","Pithecopus megacephalus (Miranda-Ribeiro, 1926)","(Miranda-Ribeiro, 1926)",1926,"n","DD","LC",359,"Restricted",20157,0.656,"<80%",3718,0.0699,"<17%",21335,1178,0.0552144363721584,"LC"
"Pithecopus oreades",247,"Pithecopus oreades","Amphibians","Phyllomedusidae","Pithecopus","Pithecopus oreades (Brandão, 2002)","(Brandão, 2002)",2002,"n","DD","LC",442086,"Partial",37135,0.4495,"<50%",1701,0.0206,"<5%",40787,3652,0.0895383332924706,"LC"
"Placosoma cipoense",248,"Placosoma cipoense","Reptiles","Gymnophthalmidae","Placosoma","Placosoma cipoense Cunha, 1966","Cunha, 1966",1966,"n","EN","EN",1081620,"Restricted",241,0.9129,">80%",224,0.624,">17%",237,-4,-0.0168776371308017,"EN"
"Polystictus superciliaris",249,"Polystictus superciliaris","Birds","Tyrannidae","Polystictus","Polystictus superciliaris (Wied, 1831)","(Wied, 1831)",1831,"s","LC","LC",3175252,"Partial",75493,0.4524,"<50%",6555,0.0148,"<5%",79076,3583,0.0453108402043604,"LC"
"Porphyrospiza caerulescens",250,"Porphyrospiza caerulescens","Birds","Thraupidae","Porphyrospiza","Porphyrospiza caerulescens (Wied, 1830)","(Wied, 1830)",1830,"s","NT","LC",113765,"Wide",899222,0.5506,"<80%",74553,0.0235,"<5%",1001974,102752,0.102549567154437,"LC"
"Pristimantis dundeei",251,"Pristimantis dundeei","Amphibians","Craugastoridae","Pristimantis","Pristimantis dundeei (Heyer & Muñoz, 1999)","(Heyer & Muñoz, 1999)",1999,"n","DD","LC",29032,"Partial",40964,0.3646,"<50%",1843,0.0162,"<5%",44955,3991,0.0887776665554443,"LC"
"Pristimantis moa",252,"Pristimantis moa*","Amphibians","Craugastoridae","Pristimantis","Pristimantis moa* Oliveira et al., 2020","Oliveira et al., 2020",2020,"s","-","-",13038,"Restricted",21542,0.7913,"<80%",380,0.0131,"<5%",25107,3565,0.141992273071255,"-"
"Pristimantis ventrigranulosus",253,"Pristimantis ventrigranulosus","Amphibians","Craugastoridae","Pristimantis","Pristimantis ventrigranulosus Maciel et al., 2012","Maciel et al., 2012",2012,"n","-","LC",926,"Restricted",4628,0.3555,"<50%",0,0,"0%",5499,871,0.15839243498818,"LC"
"Proceratophrys bagnoi",254,"Proceratophrys bagnoi","Amphibians","Odontophrynidae","Proceratophrys","Proceratophrys bagnoi Brandão et al., 2013","Brandão et al., 2013",2013,"n","-","DD",151905,"Restricted",728,0.787,"<80%",0,0,"0%",787,59,0.0749682337992376,"DD"
"Proceratophrys branti",255,"Proceratophrys branti","Amphibians","Odontophrynidae","Proceratophrys","Proceratophrys branti Brandão et al., 2013","Brandão et al., 2013",2013,"n","-","LC",363,"Partial",108842,0.7457,"<80%",12781,0.0841,"<17%",119772,10930,0.0912567211034298,"LC"
"Proceratophrys carranca",256,"Proceratophrys carranca","Amphibians","Odontophrynidae","Proceratophrys","Proceratophrys carranca Godinho et al., 2013","Godinho et al., 2013",2013,"n","-","DD",2291,"Restricted",174,0.4807,"<50%",0,0,"0%",178,4,0.0224719101123595,"DD"
"Proceratophrys cururu",257,"Proceratophrys cururu","Amphibians","Odontophrynidae","Proceratophrys","Proceratophrys cururu Eterovick & Sazima, 1998","Eterovick & Sazima, 1998",1998,"n","DD","LC",66603,"Restricted",1813,0.7893,"<80%",426,0.1859,">17%",1840,27,0.0146739130434783,"LC"
"Proceratophrys dibernardoi",258,"Proceratophrys dibernardoi","Amphibians","Odontophrynidae","Proceratophrys","Proceratophrys dibernardoi Brandão et al., 2013","Brandão et al., 2013",2013,"n","-","LC",100782,"Partial",19043,0.2861,"<30%",1647,0.0247,"<5%",20815,1772,0.0851309152053807,"LC"
"Proceratophrys goyana",259,"Proceratophrys goyana","Amphibians","Odontophrynidae","Proceratophrys","Proceratophrys goyana (Miranda-Ribeiro, 1937)","(Miranda-Ribeiro, 1937)",1937,"n","LC","LC",1102,"Partial",60672,0.6104,"<80%",2507,0.0249,"<5%",65281,4609,0.070602472388597,"LC"
"Proceratophrys huntingtoni",260,"Proceratophrys huntingtoni","Amphibians","Odontophrynidae","Proceratophrys","Proceratophrys huntingtoni Ávila et al., 2012","Ávila et al., 2012",2012,"n","-","LC",226403,"Restricted",694,0.7495,"<80%",0,0,"0%",759,65,0.0856389986824769,"LC"
"Proceratophrys moratoi",261,"Proceratophrys moratoi","Amphibians","Odontophrynidae","Proceratophrys","Proceratophrys moratoi (Jim & Caramaschi 1980)","(Jim & Caramaschi 1980)",1980,"n","CR","LC",376,"Partial",34847,0.1986,"<30%",1027,0.0045,"<1%",35509,662,0.0186431608887888,"LC"
"Proceratophrys rotundipalpebra",262,"Proceratophrys rotundipalpebra","Amphibians","Odontophrynidae","Proceratophrys","Proceratophrys rotundipalpebra Martins & Giaretta, 2013","Martins & Giaretta, 2013",2013,"n","-","LC",28016,"Restricted",369,0.9762,">80%",252,0.6702,">17%",366,-3,-0.00819672131147541,"LC"
"Proceratophrys salvatori",263,"Proceratophrys salvatori","Amphibians","Odontophrynidae","Proceratophrys","Proceratophrys salvatori (Caramaschi, 1996)","(Caramaschi, 1996)",1996,"n","DD","LC",236,"Restricted",13201,0.4705,"<50%",731,0.0261,"<5%",14359,1158,0.0806462845602061,"LC"
"Proceratophrys strussmannae",264,"Proceratophrys strussmannae","Amphibians","Odontophrynidae","Proceratophrys","Proceratophrys strussmannae Ávila et al., 2011","Ávila et al., 2011",2011,"n","-","DD",21126,"Restricted",88,0.3745,"<50%",0,0,"0%",86,-2,-0.0232558139534884,"DD"
"Proceratophrys vielliardi",265,"Proceratophrys vielliardi","Amphibians","Odontophrynidae","Proceratophrys","Proceratophrys vielliardi Martins & Giaretta, 2011","Martins & Giaretta, 2011",2011,"n","DD","LC",304291,"Restricted",7578,0.358,"<50%",242,0.0115,"<5%",9080,1502,0.165418502202643,"LC"
"Pseudis tocantins",266,"Pseudis tocantins","Amphibians","Hylidae","Pseudis","Pseudis tocantins Caramaschi & Cruz, 1998","Caramaschi & Cruz, 1998",1998,"n","LC","LC",12616,"Partial",170652,0.6766,"<80%",11099,0.0365,"<5%",190485,19833,0.104118434522403,"LC"
"Pseudopaludicola atragula",267,"Pseudopaludicola atragula*","Amphibians","Leptodactylidae","Pseudopaludicola","Pseudopaludicola atragula* Pansonato et al. 2014","Pansonato et al. 2014",2014,"s","-","LC",731,"Restricted",1934,0.1539,"<30%",0,0,"0%",1764,-170,-0.0963718820861678,"LC"
"Pseudopaludicola coracoralinae",268,"Pseudopaludicola coracoralinae*","Amphibians","Leptodactylidae","Pseudopaludicola","Pseudopaludicola coracoralinae* Andrade et al., 2020","Andrade et al., 2020",2020,"s","-","-",64702,"Restricted",125,0.1712,"<30%",0,0,"0%",117,-8,-0.0683760683760684,"-"
"Pseudopaludicola facureae",269,"Pseudopaludicola facureae*","Amphibians","Leptodactylidae","Pseudopaludicola","Pseudopaludicola facureae* Andrade & Carvalho, 2013","Andrade & Carvalho, 2013",2013,"s","-","LC",726,"Partial",8031,0.1732,"<30%",158,0.0024,"<1%",8199,168,0.0204903036955726,"LC"
"Pseudopaludicola ibisoroca",270,"Pseudopaludicola ibisoroca*","Amphibians","Leptodactylidae","Pseudopaludicola","Pseudopaludicola ibisoroca* Pansonato et al. 2016","Pansonato et al. 2016",2016,"s","-","LC",409,"Restricted",227,0.3127,"<50%",0,0,"0%",235,8,0.0340425531914894,"LC"
"Pseudopaludicola jazmynmcdonaldae",271,"Pseudopaludicola jazmynmcdonaldae*","Amphibians","Leptodactylidae","Pseudopaludicola","Pseudopaludicola jazmynmcdonaldae* Andrade et al., 2019","Andrade et al., 2019",2019,"s","-","-",722,"Restricted",308,0.7531,"<80%",184,0.4499,">17%",301,-7,-0.0232558139534884,"-"
"Pseudopaludicola mineira",272,"Pseudopaludicola mineira*","Amphibians","Leptodactylidae","Pseudopaludicola","Pseudopaludicola mineira* Lobo, 1994","Lobo, 1994",1994,"s","DD","LC",1068878,"Restricted",611,0.8474,">80%",364,0.5042,">17%",607,-4,-0.00658978583196046,"LC"
"Pseudopaludicola ternetzi",273,"Pseudopaludicola ternetzi*","Amphibians","Leptodactylidae","Pseudopaludicola","Pseudopaludicola ternetzi* Miranda-Ribeiro, 1937","Miranda-Ribeiro, 1937",1937,"s","LC","LC",737,"Partial",374343,0.4312,"<50%",15763,0.0147,"<5%",414362,40019,0.0965798022019394,"LC"
"Psilops seductus",274,"Psilops seductus*","Reptiles","Gymnophthalmidae","Psilops","Psilops seductus* Rodrigues et al., 2017","Rodrigues et al., 2017",2017,"s","-","-",13772,"Restricted",572,0.7761,"<80%",314,0.4261,">17%",734,162,0.220708446866485,"-"
"Pyrrhura pfrimeri",275,"Pyrrhura pfrimeri","Birds","Psittacidae ","Pyrrhura","Pyrrhura pfrimeri Miranda-Ribeiro, 1920","Miranda-Ribeiro, 1920",1920,"s","EN","EN",1521523,"Restricted",7463,0.5413,"<80%",557,0.0404,"<5%",8738,1275,0.14591439688716,"EN"
"Rhachidelus brazili",276,"Rhachidelus brazili","Reptiles","Dipsadidae","Rhachidelus","Rhachidelus brazili Boulenger, 1908","Boulenger, 1908",1908,"n","LC","LC",28584,"Partial",262258,0.3072,"<50%",8198,0.0054,"<1%",283199,20941,0.073944470142903,"LC"
"Rhachisaurus brachylepis",277,"Rhachisaurus brachylepis","Reptiles","Gymnophthalmidae","Rhachisaurus","Rhachisaurus brachylepis (Dixon, 1974)","(Dixon, 1974)",1974,"n","DD","NT",611704,"Restricted",12568,0.6361,"<80%",2306,0.0807,"<17%",13244,676,0.0510419812745394,"NT"
"Rhinella cerradensis",278,"Rhinella cerradensis","Amphibians","Bufonidae","Rhinella","Rhinella cerradensis Maciel et al., 2007","Maciel et al., 2007",2007,"n","DD","LC",54769,"Partial",234780,0.4137,"<50%",12574,0.0206,"<5%",266877,32097,0.120268887914657,"LC"
"Rhinella inopina",279,"Rhinella inopina","Amphibians","Bufonidae","Rhinella","Rhinella inopina Vaz-Silva et al., 2012","Vaz-Silva et al., 2012",2012,"n","-","LC",1659819,"Restricted",39536,0.7437,"<80%",2607,0.0476,"<5%",46643,7107,0.152370130566216,"LC"
"Rhinella ocellata",280,"Rhinella ocellata","Amphibians","Bufonidae","Rhinella","Rhinella ocellata (Günther, 1858)","(Günther, 1858)",1858,"n","LC","LC",724425,"Partial",554090,0.551,"<80%",31130,0.0188,"<5%",618775,64685,0.104537190416549,"LC"
"Rhinella rubescens",281,"Rhinella rubescens","Amphibians","Bufonidae","Rhinella","Rhinella rubescens (Lutz, 1925)","(Lutz, 1925)",1925,"n","LC","LC",77788,"Partial",214622,0.3913,"<50%",13409,0.0185,"<5%",229793,15171,0.0660202878242592,"LC"
"Rhinella scitula",282,"Rhinella scitula","Amphibians","Bufonidae","Rhinella","Rhinella scitula (Caramaschi & Niemeyer, 2003)","(Caramaschi & Niemeyer, 2003)",2003,"n","DD","LC",14562,"Partial",18517,0.3635,"<50%",1865,0.024,"<5%",20267,1750,0.0863472640252627,"LC"
"Rhinella sebbeni",283,"Rhinella sebbeni*","Amphibians","Bufonidae","Rhinella","Rhinella sebbeni* Vaz-Silva et al., 2015","Vaz-Silva et al., 2015",2015,"s","-","LC",86363,"Restricted",5229,0.3999,"<50%",8,5e-04,"<1%",5546,317,0.0571583122971511,"LC"
"Rhinella veredas",284,"Rhinella veredas","Amphibians","Bufonidae","Rhinella","Rhinella veredas (Brandão et al., 2007)","(Brandão et al., 2007)",2007,"n","LC","LC",34446,"Partial",62986,0.7586,"<80%",3609,0.0418,"<5%",70544,7558,0.107138806985711,"LC"
"Rhipidomys ipukensis",285,"Rhipidomys ipukensis","Mammals","Cricetidae","Rhipidomys","Rhipidomys ipukensis Rocha et al., 2011","Rocha et al., 2011",2011,"s","DD","LC",1976730,"Restricted",13080,0.7659,"<80%",4699,0.1364,"<17%",14692,1612,0.109719575279063,"LC"
"Rhipidomys macrurus",286,"Rhipidomys macrurus","Mammals","Cricetidae","Rhipidomys","Rhipidomys macrurus (Gervais, 1855)","(Gervais, 1855)",1855,"s","LC","LC",4504410,"Wide",604971,0.4508,"<50%",40196,0.0203,"<5%",664719,59748,0.0898845978526265,"LC"
"Saltatricula atricollis",287,"Saltatricula atricollis","Birds","Thraupidae","Saltatricula","Saltatricula atricollis (Vieillot, 1817)","(Vieillot, 1817)",1817,"s","LC","LC",440647,"Wide",984020,0.5212,"<80%",77308,0.0172,"<5%",1093686,109666,0.100271924482895,"LC"
"Salvator duseni",288,"Salvator duseni","Reptiles","Teiidae","Salvator","Salvator duseni (Lönnberg, 1910)","(Lönnberg, 1910)",1910,"n","LC","LC",725,"Partial",155213,0.3829,"<50%",11324,0.0257,"<5%",170287,15074,0.0885211437161968,"LC"
"Scinax cabralensis",289,"Scinax cabralensis","Amphibians","Hylidae","Scinax","Scinax cabralensis Drummond et al., 2007","Drummond et al., 2007",2007,"n","DD","NT",29866,"Restricted",233,0.4291,"<50%",45,0.0621,"<17%",253,20,0.0790513833992095,"NT"
"Scinax canastrensis",290,"Scinax canastrensis","Amphibians","Hylidae","Scinax","Scinax canastrensis (Cardoso & Haddad, 1982)","(Cardoso & Haddad, 1982)",1982,"n","DD","LC",11094,"Restricted",8512,0.2896,"<30%",1994,0.0668,"<17%",8343,-169,-0.0202565024571497,"LC"
"Scinax centralis",291,"Scinax centralis","Amphibians","Hylidae","Scinax","Scinax centralis Pombal & Bastos, 1996","Pombal & Bastos, 1996",1996,"n","LC","LC",1067899,"Restricted",3407,0.3073,"<50%",48,0.0043,"<1%",3710,303,0.0816711590296496,"LC"
"Scinax constrictus",292,"Scinax constrictus","Amphibians","Hylidae","Scinax","Scinax constrictus Lima et al., 2005","Lima et al., 2005",2005,"n","LC","LC",19813,"Partial",380611,0.5425,"<80%",16491,0.0154,"<5%",427315,46704,0.109296420673274,"LC"
"Scinax curicica",293,"Scinax curicica","Amphibians","Hylidae","Scinax","Scinax curicica Pugliesse et al., 2004","Pugliesse et al., 2004",2004,"n","DD","LC",368,"Restricted",14143,0.7162,"<80%",1093,0.0552,"<17%",14886,743,0.0499126696224641,"LC"
"Scinax goya",294,"Scinax goya*","Amphibians","Hylidae","Scinax","Scinax goya* (Andrade et al., 2018)","(Andrade et al., 2018)",2018,"s","-","DD",541,"Restricted",216,0.587,"<80%",0,0,"0%",267,51,0.191011235955056,"DD"
"Scinax haddadorum",295,"Scinax haddadorum*","Amphibians","Hylidae","Scinax","Scinax haddadorum* Araújo-Vieira et al., 2016","Araújo-Vieira et al., 2016",2016,"s","-","DD",25000,"Restricted",203,0.3752,"<50%",20,0.037,"<5%",211,8,0.037914691943128,"DD"
"Scinax machadoi",296,"Scinax machadoi","Amphibians","Hylidae","Scinax","Scinax machadoi (Bokermann & Sazima, 1973)","(Bokermann & Sazima, 1973)",1973,"n","LC","LC",9703,"Restricted",11841,0.7728,"<80%",1876,0.075,"<17%",12444,603,0.048457087753134,"LC"
"Scinax maracaya",297,"Scinax maracaya","Amphibians","Hylidae","Scinax","Scinax maracaya (Cardoso & Sazima, 1980)","(Cardoso & Sazima, 1980)",1980,"n","DD","LC",719,"Restricted",1340,0.2485,"<30%",278,0.0287,"<5%",1287,-53,-0.0411810411810412,"LC"
"Scinax pinimus",298,"Scinax pinimus","Amphibians","Hylidae","Scinax","Scinax pinimus (Bokermann & Sazima, 1973)","(Bokermann & Sazima, 1973)",1973,"n","DD","VU",891,"Restricted",433,0.6039,"<80%",2,0.0028,"<1%",433,0,0,"VU"
"Scinax pombali",299,"Scinax pombali","Amphibians","Hylidae","Scinax","Scinax pombali Lourenço et al., 2013","Lourenço et al., 2013",2013,"n","-","DD",153012,"Restricted",469,0.5264,"<80%",564,0.633,">17%",453,-16,-0.0353200883002208,"DD"
"Scinax rogerioi",300,"Scinax rogerioi","Amphibians","Hylidae","Scinax","Scinax rogerioi Pugliese et al., 2009","Pugliese et al., 2009",2009,"n","-","LC",4627,"Partial",54074,0.3721,"<50%",484,0.0032,"<1%",58511,4437,0.0758318948573772,"LC"
"Scinax rossaferesae",301,"Scinax rossaferesae*","Amphibians","Hylidae","Scinax","Scinax rossaferesae* Conte et al. 2016","Conte et al. 2016",2016,"s","-","LC",816,"Restricted",910,0.4062,"<50%",174,0.0376,"<5%",812,-98,-0.120689655172414,"LC"
"Scinax rupestris",302,"Scinax rupestris*","Amphibians","Hylidae","Scinax","Scinax rupestris* Araújo-Vieira et al., 2015","Araújo-Vieira et al., 2015",2015,"s","-","LC",38789,"Restricted",758,0.9289,">80%",199,0.2439,">17%",760,2,0.00263157894736842,"LC"
"Scinax skaios",303,"Scinax skaios","Amphibians","Hylidae","Scinax","Scinax skaios Pombal et al., 2010","Pombal et al., 2010",2010,"n","-","LC",44500,"Restricted",19687,0.5075,"<80%",744,0.0192,"<5%",21067,1380,0.0655052926377747,"LC"
"Scinax tigrinus",304,"Scinax tigrinus","Amphibians","Hylidae","Scinax","Scinax tigrinus Nunes et al., 2010","Nunes et al., 2010",2010,"n","LC","LC",89692,"Restricted",17687,0.3991,"<50%",603,0.0136,"<5%",19768,2081,0.10527114528531,"LC"
"Scytalopus novacapitalis",305,"Scytalopus novacapitalis","Birds","Rhinocryptidae","Scytalopus","Scytalopus novacapitalis Sick, 1958","Sick, 1958",1958,"s","EN","EN",1494,"Partial",30320,0.3409,"<50%",1284,0.0143,"<5%",32515,2195,0.0675073043210826,"EN"
"Siagonodon acutirostris",306,"Siagonodon acutirostris","Reptiles","Leptotyphlopidae","Siagonodon","Siagonodon acutirostris Pinto & Curcio, 2011","Pinto & Curcio, 2011",2011,"n","LC","LC",1421441,"Restricted",1349,0.9023,">80%",831,0.5562,">17%",1392,43,0.0308908045977011,"LC"
"Simophis rhinostoma",307,"Simophis rhinostoma","Reptiles","Colubridae","Simophis","Simophis rhinostoma (Schlegel, 1837)","(Schlegel, 1837)",1837,"n","LC","LC",107707,"Partial",263452,0.3323,"<50%",14475,0.0102,"<5%",280686,17234,0.0613995710509252,"LC"
"Sporophila nigrorufa",308,"Sporophila nigrorufa","Birds","Thraupidae","Sporophila","Sporophila nigrorufa (d'Orbigny & Lafresnaye, 1837)","(d'Orbigny & Lafresnaye, 1837)",1837,"s","VU","VU",138504,"Partial",4627,0.4607,"<50%",11182,0.1038,"<17%",5558,931,0.167506297229219,"VU"
"Stenocercus albolineatus",309,"Stenocercus albolineatus*","Reptiles","Tropiduridae","Stenocercus","Stenocercus albolineatus* Teixeira et al., 2016","Teixeira et al., 2016",2015,"s","-","-",690,"Restricted",57771,0.8116,">80%",96,7e-04,"<1%",62072,4301,0.0692905013532672,"-"
"Stenocercus canastra",310,"Stenocercus canastra*","Reptiles","Tropiduridae","Stenocercus","Stenocercus canastra* Avila-Pires et al., 2019","Avila-Pires et al., 2019",2019,"s","-","LC",48388,"Restricted",465,0.6749,"<80%",570,0.8261,">17%",446,-19,-0.0426008968609865,"LC"
"Stenocercus quinarius",311,"Stenocercus quinarius","Reptiles","Tropiduridae","Stenocercus","Stenocercus quinarius Nogueira & Rodrigues, 2006","Nogueira & Rodrigues, 2006",2006,"n","LC","LC",93473,"Restricted",35065,0.7248,"<80%",3601,0.0744,"<17%",42800,7735,0.180724299065421,"LC"
"Stenocercus sinesaccus",312,"Stenocercus sinesaccus","Reptiles","Tropiduridae","Stenocercus","Stenocercus sinesaccus Torres-Carvajal, 2005","Torres-Carvajal, 2005",2005,"n","LC","LC",2385983,"Partial",42025,0.4497,"<50%",110,0.0012,"<1%",47443,5418,0.114200198132496,"LC"
"Synallaxis simoni",313,"Synallaxis simoni","Birds","Furnariidae","Synallaxis","Synallaxis simoni Hellmayr, 1907","Hellmayr, 1907",1907,"s","LC","LC",61720,"Partial",43393,0.7277,"<80%",8243,0.1336,"<17%",46840,3447,0.0735909479077711,"LC"
"Syndactyla dimidiata",314,"Syndactyla dimidiata","Birds","Furnariidae","Syndactyla","Syndactyla dimidiata (Pelzeln, 1859)","(Pelzeln, 1859)",1859,"s","LC","LC",1196783,"Partial",318901,0.3672,"<50%",15177,0.0127,"<5%",347561,28660,0.0824603450905021,"LC"
"Taoniscus nanus",315,"Taoniscus nanus","Birds","Tinamidae","Taoniscus","Taoniscus nanus (Temminck, 1815)","(Temminck, 1815)",1815,"s","EN","EN",1308726,"Partial",297658,0.3502,"<50%",15832,0.0121,"<5%",325050,27392,0.0842701122904169,"EN"
"Thalpomys cerradensis",316,"Thalpomys cerradensis","Mammals","Cricetidae","Thalpomys","Thalpomys cerradensis Hershkovitz, 1990","Hershkovitz, 1990",1990,"s","LC","VU",957821,"Partial",448195,0.6188,"<80%",33989,0.0355,"<5%",508190,59995,0.11805623880832,"VU"
"Thalpomys lasiotis",317,"Thalpomys lasiotis","Mammals","Cricetidae","Thalpomys","Thalpomys lasiotis Thomas, 1916","Thomas, 1916",1916,"s","LC","EN",194904,"Partial",73348,0.4034,"<50%",4384,0.0225,"<5%",79032,5684,0.0719202348415831,"EN"
"Thamnodynastes rutilus",318,"Thamnodynastes rutilus","Reptiles","Dipsadidae","Thamnodynastes","Thamnodynastes rutilus (Prado, 1942)","(Prado, 1942)",1942,"n","LC","LC",647749,"Partial",179352,0.3311,"<50%",6277,0.0097,"<1%",192840,13488,0.0699439950217797,"LC"
"Thoropa megatympanum",319,"Thoropa megatympanum","Amphibians","Cycloramphidae","Thoropa","Thoropa megatympanum Caramaschi & Sazima, 1984","Caramaschi & Sazima, 1984",1984,"n","LC","LC",35245,"Restricted",15831,0.6943,"<80%",2766,0.0785,"<17%",16636,805,0.0483890358259197,"LC"
"Thrichomys apereoides",320,"Thrichomys apereoides","Mammals","Echimyidae","Thrichomys","Thrichomys apereoides (Lund, 1839)","(Lund, 1839)",1839,"s","LC","LC",362360,"Partial",142781,0.5519,"<80%",10204,0.0282,"<5%",153984,11203,0.0727543121363259,"LC"
"Thrichomys pachyurus",321,"Thrichomys pachyurus","Mammals","Echimyidae","Thrichomys","Thrichomys pachyurus (Wagner, 1845)","(Wagner, 1845)",1845,"s","LC","LC",762797,"Partial",302660,0.5325,"<80%",13812,0.0181,"<5%",337552,34892,0.10336777740911,"LC"
"Thylamys velutinus",322,"Thylamys velutinus","Mammals","Didelphidae","Thylamys","Thylamys velutinus (Wagner, 1842)","(Wagner, 1842)",1842,"s","NT","LC",472911,"Partial",109906,0.2915,"<30%",3827,0.0081,"<1%",115290,5384,0.0466996270274959,"LC"
"Trachycephalus mambaiensis",323,"Trachycephalus mambaiensis","Amphibians","Hylidae","Trachycephalus","Trachycephalus mambaiensis Cintra et al., 2009","Cintra et al., 2009",2009,"n","-","LC",81510,"Partial",54604,0.721,"<80%",4752,0.0583,"<17%",62267,7663,0.12306679300432,"LC"
"Trilepida brasiliensis",324,"Trilepida brasiliensis","Reptiles","Leptotyphlopidae","Trilepida","Trilepida brasiliensis (Laurent, 1949)","(Laurent, 1949)",1949,"n","LC","LC",1503963,"Wide",628041,0.5484,"<80%",40976,0.0272,"<5%",702364,74323,0.105818350598835,"LC"
"Trilepida fuliginosa",325,"Trilepida fuliginosa","Reptiles","Leptotyphlopidae","Trilepida","Trilepida fuliginosa (Passos et al., 2006)","(Passos et al., 2006)",2006,"n","LC","LC",453998,"Partial",225855,0.5795,"<80%",12403,0.0273,"<5%",250479,24624,0.0983076425568611,"LC"
"Trilepida jani",326,"Trilepida jani","Reptiles","Leptotyphlopidae","Trilepida","Trilepida jani (Pinto & Fernandes, 2012)","(Pinto & Fernandes, 2012)",2012,"n","LC","LC",19461,"Restricted",6945,0.6546,"<80%",1192,0.0613,"<17%",7243,298,0.0411431727184868,"LC"
"Trilepida koppesi",327,"Trilepida koppesi","Reptiles","Leptotyphlopidae","Trilepida","Trilepida koppesi (Amaral, 1955)","(Amaral, 1955)",1955,"n","LC","LC",558325,"Partial",103407,0.2514,"<30%",2470,0.0044,"<1%",111020,7613,0.0685732300486399,"LC"
"Trinomys moojeni",328,"Trinomys moojeni","Mammals","Echimyidae","Trinomys","Trinomys moojeni (Pessôa et al., 1992)","(Pessôa et al., 1992)",1992,"s","EN","EN",1403,"Restricted",765,0.742,"<80%",332,0.2366,">17%",769,4,0.00520156046814044,"EN"
"Tropidophis preciosus",329,"Tropidophis preciosus","Reptiles","Tropidophiidae","Tropidophis","Tropidophis preciosus Curcio et al., 2012","Curcio et al., 2012",2012,"n","DD","NT",719,"Restricted",74,0.8043,">80%",0,0,"0%",72,-2,-0.0277777777777778,"NT"
"Tropidurus callathelys",330,"Tropidurus callathelys","Reptiles","Tropiduridae","Tropidurus","Tropidurus callathelys Harvey & Gutberlet, 1998","Harvey & Gutberlet, 1998",1998,"n","LC","-",877,"Restricted",486,0.7297,"<80%",452,0.5154,">17%",508,22,0.0433070866141732,"-"
"Tropidurus chromatops",331,"Tropidurus chromatops","Reptiles","Tropiduridae","Tropidurus","Tropidurus chromatops Harvey & Gutberlet, 1998","Harvey & Gutberlet, 1998",1998,"n","LC","-",1787,"Restricted",466,0.6966,"<80%",975,0.5456,">17%",512,46,0.08984375,"-"
"Tropidurus itambere",332,"Tropidurus itambere","Reptiles","Tropiduridae","Tropidurus","Tropidurus itambere Rodrigues, 1987","Rodrigues, 1987",1987,"n","LC","LC",1456252,"Partial",393699,0.3721,"<50%",12951,0.0089,"<1%",428334,34635,0.0808597963271653,"LC"
"Tropidurus montanus",333,"Tropidurus montanus","Reptiles","Tropiduridae","Tropidurus","Tropidurus montanus Rodrigues, 1987","Rodrigues, 1987",1987,"n","LC","LC",84788,"Partial",37352,0.5358,"<80%",3047,0.0359,"<5%",40355,3003,0.0744145706851691,"LC"
"Tropidurus oreadicus",334,"Tropidurus oreadicus","Reptiles","Tropiduridae","Tropidurus","﻿Tropidurus oreadicus Rodrigues, 1987","Rodrigues, 1987",1987,"n","LC","LC",2773708,"Partial",688003,0.5819,"<80%",41466,0.0149,"<5%",778567,90564,0.11632139558959,"LC"
"Tupinambis matipu",335,"Tupinambis matipu*","Reptiles","Teiidae","Tupinambis","Tupinambis matipu* Silva et al., 2018","Silva et al., 2018",2018,"s","-","LC",701967,"Partial",190934,0.5672,"<80%",2526,0.0036,"<1%",216504,25570,0.118104053504785,"LC"
"Tupinambis quadrilineatus",336,"Tupinambis quadrilineatus","Reptiles","Teiidae","Tupinambis","Tupinambis quadrilineatus Manzani & Abe, 1997","Manzani & Abe, 1997",1997,"n","LC","LC",1572963,"Partial",522409,0.593,"<80%",34386,0.0219,"<5%",591585,69176,0.116933323191088,"LC"
"Uropelia campestris",337,"Uropelia campestris","Birds","Columbidae","Uropelia","Uropelia campestris (Spix, 1825)","(Spix, 1825)",1825,"s","LC","LC",4642794,"Wide",902911,0.541,"<80%",71821,0.0155,"<5%",1009121,106210,0.105250014616681,"LC"
"Vanzosaura savanicola",338,"Vanzosaura savanicola*","Reptiles","Gymnophthalmidae","Vanzosaura","Vanzosaura savanicola* Recoder et al., 2014","Recoder et al., 2014",2014,"s","LC","LC",112323,"Partial",77420,0.7083,"<80%",7700,0.0686,"<17%",91932,14512,0.157855806465649,"LC"
"Xenodon matogrossensis",339,"Xenodon matogrossensis","Reptiles","Dipsadidae","Xenodon","Xenodon matogrossensis (Scrocchi & Cruz, 1993)","(Scrocchi & Cruz, 1993)",1993,"n","LC","LC",213601,"Partial",33513,0.4467,"<50%",976,0.0046,"<1%",36464,2951,0.0809291355857832,"LC"
"Xenodon nattereri",340,"Xenodon nattereri","Reptiles","Dipsadidae","Xenodon","Xenodon nattereri (Steindachner, 1867)","(Steindachner, 1867)",1867,"n","LC","DD",1984447,"Wide",642984,0.4618,"<50%",40165,0.0202,"<5%",711120,68136,0.0958150523118461,"DD"
