"species","rangeAnt","percNatCat","X","latitude","longitude"
"Amphisbaena anaemariae",199626,"<30%",515,-16.1208,-48.4856
"Amphisbaena anaemariae",199626,"<30%",516,-16.3051,-48.9724
"Amphisbaena anaemariae",199626,"<30%",517,-15.7099,-48.0224
"Amphisbaena anaemariae",199626,"<30%",523,-22.0483,-52.7342
"Amphisbaena anaemariae",199626,"<30%",522,-11.0333,-48.2167
"Amphisbaena anaemariae",199626,"<30%",518,-15.7667,-47.9167
"Amphisbaena anaemariae",199626,"<30%",519,-19.035,-47.9169
"Amphisbaena anaemariae",199626,"<30%",520,-16.5541,-48.0218
"Amphisbaena anaemariae",199626,"<30%",521,-18.25,-52.8833
"Amphisbaena bedai",1193,"<30%",525,-20.4667,-55.7833
"Amphisbaena bedai",1193,"<30%",526,-21.45,-56.1
"Amphisbaena bedai",1193,"<30%",524,-20.7677,-55.6076
"Amphisbaena leeseri",77714,"<30%",551,-21.45,-56.1
"Amphisbaena leeseri",77714,"<30%",552,-20.9828,-51.7892
"Amphisbaena leeseri",77714,"<30%",553,-22.2833,-53.25
"Amphisbaena leeseri",77714,"<30%",550,-19,-57.65
"Amphisbaena leeseri",77714,"<30%",549,-19.2167,-57.55
"Amphisbaena leeseri",77714,"<30%",546,-20.4667,-55.7833
"Amphisbaena leeseri",77714,"<30%",547,-22.1092,-56.5208
"Amphisbaena leeseri",77714,"<30%",554,-22.241,-57.615
"Amphisbaena leeseri",77714,"<30%",548,-19.0092,-57.6533
"Amphisbaena sanctaeritae",503,"<30%",559,-21.7312,-47.4959
"Amphisbaena sanctaeritae",503,"<30%",560,-21.7833,-47.6
"Apostolepis barrioi*",185605,"<30%",1247,-20.459,-55.7756
"Apostolepis barrioi*",185605,"<30%",1253,-22.79,-47.06
"Apostolepis barrioi*",185605,"<30%",1254,-22.2167,-54.8
"Apostolepis barrioi*",185605,"<30%",1255,-21.4917,-56.4031
"Apostolepis barrioi*",185605,"<30%",1256,-21.6661,-48.4472
"Apostolepis barrioi*",185605,"<30%",1257,-21.6417,-48.35
"Apostolepis barrioi*",185605,"<30%",1258,-22.554,-45.78
"Apostolepis barrioi*",185605,"<30%",1259,-21.1833,-47.8167
"Apostolepis barrioi*",185605,"<30%",1260,-21.8,-54.5333
"Apostolepis barrioi*",185605,"<30%",1261,-21.2333,-48.8
"Apostolepis barrioi*",185605,"<30%",1266,-22.79,-51.88
"Apostolepis barrioi*",185605,"<30%",1267,-23.4667,-56.5167
"Apostolepis barrioi*",185605,"<30%",1268,-22.5833,-56.0333
"Apostolepis barrioi*",185605,"<30%",1269,-24.5,-56.6833
"Apostolepis barrioi*",185605,"<30%",1270,-25.54,-56.62
"Apostolepis barrioi*",185605,"<30%",1271,-23.81,-56.45
"Apostolepis barrioi*",185605,"<30%",1249,-23.1181,-46.5875
"Apostolepis barrioi*",185605,"<30%",1250,-20.9667,-48.5625
"Apostolepis barrioi*",185605,"<30%",1251,-22.9,-46.61
"Apostolepis barrioi*",185605,"<30%",1248,-21.7944,-48.1756
"Apostolepis barrioi*",185605,"<30%",1265,-23.44,-46.76
"Apostolepis barrioi*",185605,"<30%",1262,-21.7,-47.2667
"Apostolepis barrioi*",185605,"<30%",1263,-21.6672,-47.3114
"Apostolepis barrioi*",185605,"<30%",1252,-22.2833,-48.1167
"Apostolepis barrioi*",185605,"<30%",1264,-18.9167,-48.2833
"Bachia bresslaui",316500,"<30%",2077,-16.0111,-47.9436
"Bachia bresslaui",316500,"<30%",2076,-15.7099,-48.0224
"Bachia bresslaui",316500,"<30%",2081,-22.6333,-56.05
"Bachia bresslaui",316500,"<30%",2078,-15.3,-55.85
"Bachia bresslaui",316500,"<30%",2079,-18.25,-52.8833
"Bachia bresslaui",316500,"<30%",2080,-17.2167,-46.8667
"Bachia bresslaui",316500,"<30%",2074,-17.9833,-53.6167
"Bachia bresslaui",316500,"<30%",2075,-22.1833,-52.7167
"Boana stenocephala",535,"<30%",2353,-21.80754425,-46.5631165
"Boana stenocephala",535,"<30%",2354,-19.90466186,-47.26610604
"Boana stenocephala",535,"<30%",2355,-21.8075,-46.5631
"Bokermannohyla izecksohni*",279,"<30%",2384,-22.86220891,-48.46785113
"Bokermannohyla napolii",663,"<30%",2400,-19.2676,-46.0337
"Bokermannohyla napolii",663,"<30%",2398,-19.2,-47.1333
"Bokermannohyla napolii",663,"<30%",2399,-19.3265,-45.9757
"Bokermannohyla sazimai",6744,"<30%",2455,-19.2611,-47.7067
"Bokermannohyla sazimai",6744,"<30%",2456,-20.1666,-46.8333
"Bokermannohyla sazimai",6744,"<30%",2457,-20.1667,-46.8333
"Bokermannohyla sazimai",6744,"<30%",2454,-19.3572,-45.9984
"Bokermannohyla sazimai",6744,"<30%",2453,-19.2644,-47.2385
"Bokermannohyla sazimai",6744,"<30%",2450,-19.558,-46.5952
"Bokermannohyla sazimai",6744,"<30%",2451,-19.3251,-46.0071
"Bokermannohyla sazimai",6744,"<30%",2452,-19.3743,-45.9333
"Bothrops itapetiningae",314614,"<30%",2459,-22.469,-48.988
"Bothrops itapetiningae",314614,"<30%",2460,-22.4692,-48.9875
"Bothrops itapetiningae",314614,"<30%",2461,-22.4667,-48.9833
"Bothrops itapetiningae",314614,"<30%",2458,-21.755,-47.9039
"Bothrops itapetiningae",314614,"<30%",2467,-15.7792,-47.9295
"Bothrops itapetiningae",314614,"<30%",2468,-15.9813,-47.9044
"Bothrops itapetiningae",314614,"<30%",2469,-22.284,-48.127
"Bothrops itapetiningae",314614,"<30%",2470,-22.2833,-48.1167
"Bothrops itapetiningae",314614,"<30%",2471,-22.1167,-52.5
"Bothrops itapetiningae",314614,"<30%",2472,-22.188,-52.718
"Bothrops itapetiningae",314614,"<30%",2473,-20.8961,-51.3794
"Bothrops itapetiningae",314614,"<30%",2474,-23.4833,-48.4
"Bothrops itapetiningae",314614,"<30%",2475,-24.2873,-50.14
"Bothrops itapetiningae",314614,"<30%",2480,-21.794,-48.176
"Bothrops itapetiningae",314614,"<30%",2481,-22.6667,-50.4167
"Bothrops itapetiningae",314614,"<30%",2482,-22.65,-50.4
"Bothrops itapetiningae",314614,"<30%",2483,-22.4667,-50.3667
"Bothrops itapetiningae",314614,"<30%",2484,-22.662,-50.412
"Bothrops itapetiningae",314614,"<30%",2485,-23.1,-48.9167
"Bothrops itapetiningae",314614,"<30%",2486,-23.0972,-48.9047
"Bothrops itapetiningae",314614,"<30%",2487,-23.025,-48.8083
"Bothrops itapetiningae",314614,"<30%",2488,-23.099,-48.926
"Bothrops itapetiningae",314614,"<30%",2489,-21.1833,-48.15
"Bothrops itapetiningae",314614,"<30%",2490,-21.194,-48.164
"Bothrops itapetiningae",314614,"<30%",2491,-22.3167,-49.05
"Bothrops itapetiningae",314614,"<30%",2492,-22.3147,-49.0606
"Bothrops itapetiningae",314614,"<30%",2493,-22.3075,-48.9953
"Bothrops itapetiningae",314614,"<30%",2494,-22.315,-49.061
"Bothrops itapetiningae",314614,"<30%",2495,-23.1,-48.25
"Bothrops itapetiningae",314614,"<30%",2496,-22.525,-48.975
"Bothrops itapetiningae",314614,"<30%",2497,-22.8833,-48.45
"Bothrops itapetiningae",314614,"<30%",2498,-22.8904,-48.4553
"Bothrops itapetiningae",314614,"<30%",2499,-22.886,-48.445
"Bothrops itapetiningae",314614,"<30%",2500,-15.9769,-47.9327
"Bothrops itapetiningae",314614,"<30%",2501,-15.7667,-47.9167
"Bothrops itapetiningae",314614,"<30%",2462,-21.026,-47.374
"Bothrops itapetiningae",314614,"<30%",2463,-21.0256,-47.3739
"Bothrops itapetiningae",314614,"<30%",2464,-21.025,-47.3833
"Bothrops itapetiningae",314614,"<30%",2465,-22.569,-48.971
"Bothrops itapetiningae",314614,"<30%",2466,-16.0089,-47.9497
"Bothrops itapetiningae",314614,"<30%",2507,-22.2842,-48.1267
"Bothrops itapetiningae",314614,"<30%",2508,-22.2444,-47.9583
"Bothrops itapetiningae",314614,"<30%",2509,-20.7833,-47.2833
"Bothrops itapetiningae",314614,"<30%",2510,-20.4333,-54.6333
"Bothrops itapetiningae",314614,"<30%",2511,-22.7333,-50.3833
"Bothrops itapetiningae",314614,"<30%",2512,-24.9167,-50.0833
"Bothrops itapetiningae",314614,"<30%",2513,-25,-50.1125
"Bothrops itapetiningae",314614,"<30%",2514,-24.95,-50.1167
"Bothrops itapetiningae",314614,"<30%",2515,-20.0667,-49.0667
"Bothrops itapetiningae",314614,"<30%",2476,-24.175,-49.8667
"Bothrops itapetiningae",314614,"<30%",2477,-21.875,-48.0556
"Bothrops itapetiningae",314614,"<30%",2478,-21.8,-48.1667
"Bothrops itapetiningae",314614,"<30%",2479,-21.7944,-48.1756
"Bothrops itapetiningae",314614,"<30%",2520,-21.8667,-48.2667
"Bothrops itapetiningae",314614,"<30%",2521,-23.6833,-47.7333
"Bothrops itapetiningae",314614,"<30%",2522,-22.6,-48.9833
"Bothrops itapetiningae",314614,"<30%",2523,-16.7538,-47.6407
"Bothrops itapetiningae",314614,"<30%",2524,-18.9286,-48.8964
"Bothrops itapetiningae",314614,"<30%",2525,-24.0333,-49.1
"Bothrops itapetiningae",314614,"<30%",2526,-22.2791,-47.8053
"Bothrops itapetiningae",314614,"<30%",2527,-24.918,-50.097
"Bothrops itapetiningae",314614,"<30%",2528,-19.1183,-48.3538
"Bothrops itapetiningae",314614,"<30%",2529,-18.8953,-48.0852
"Bothrops itapetiningae",314614,"<30%",2530,-19.0233,-48.3119
"Bothrops itapetiningae",314614,"<30%",2531,-18.922,-48.8339
"Bothrops itapetiningae",314614,"<30%",2532,-20.5333,-47.4
"Bothrops itapetiningae",314614,"<30%",2533,-21.2894,-47.8853
"Bothrops itapetiningae",314614,"<30%",2534,-21.9,-47.0333
"Bothrops itapetiningae",314614,"<30%",2535,-21.9167,-48.05
"Bothrops itapetiningae",314614,"<30%",2536,-21.7667,-48.95
"Bothrops itapetiningae",314614,"<30%",2537,-21.75,-48.8167
"Bothrops itapetiningae",314614,"<30%",2538,-22.6667,-51.0833
"Bothrops itapetiningae",314614,"<30%",2539,-22.9,-47.0333
"Bothrops itapetiningae",314614,"<30%",2540,-24.0444,-49.0889
"Bothrops itapetiningae",314614,"<30%",2541,-23.8667,-49.1333
"Bothrops itapetiningae",314614,"<30%",2542,-23.85,-49.1333
"Bothrops itapetiningae",314614,"<30%",2543,-23.592,-48.053
"Bothrops itapetiningae",314614,"<30%",2544,-23.5833,-48.05
"Bothrops itapetiningae",314614,"<30%",2545,-23.5716,-48.0552
"Bothrops itapetiningae",314614,"<30%",2546,-24.0833,-49.0667
"Bothrops itapetiningae",314614,"<30%",2547,-24.0583,-48.975
"Bothrops itapetiningae",314614,"<30%",2548,-24.025,-48.975
"Bothrops itapetiningae",314614,"<30%",2549,-23.9667,-48.8667
"Bothrops itapetiningae",314614,"<30%",2550,-21.774,-47.086
"Bothrops itapetiningae",314614,"<30%",2551,-22.4333,-46.8167
"Bothrops itapetiningae",314614,"<30%",2552,-24.1167,-49.3333
"Bothrops itapetiningae",314614,"<30%",2553,-24.1,-49.2042
"Bothrops itapetiningae",314614,"<30%",2554,-24.1,-49.3167
"Bothrops itapetiningae",314614,"<30%",2555,-23.1,-48.6
"Bothrops itapetiningae",314614,"<30%",2556,-23.1,-48.6167
"Bothrops itapetiningae",314614,"<30%",2557,-23.102,-48.616
"Bothrops itapetiningae",314614,"<30%",2558,-22.25,-47.8167
"Bothrops itapetiningae",314614,"<30%",2559,-22.1575,-47.795
"Bothrops itapetiningae",314614,"<30%",2560,-22.2333,-47.8833
"Bothrops itapetiningae",314614,"<30%",2561,-22.2167,-47.8833
"Bothrops itapetiningae",314614,"<30%",2562,-22.5833,-48.8
"Bothrops itapetiningae",314614,"<30%",2563,-22.6,-48.8
"Bothrops itapetiningae",314614,"<30%",2564,-22.5667,-47.4
"Bothrops itapetiningae",314614,"<30%",2565,-22.55,-47.4
"Bothrops itapetiningae",314614,"<30%",2566,-22.9833,-48.6833
"Bothrops itapetiningae",314614,"<30%",2567,-21.4333,-47.8722
"Bothrops itapetiningae",314614,"<30%",2568,-14.4833,-46.1
"Bothrops itapetiningae",314614,"<30%",2569,-23,-49.3167
"Bothrops itapetiningae",314614,"<30%",2570,-21.35,-48.05
"Bothrops itapetiningae",314614,"<30%",2571,-21.6397,-48.2967
"Bothrops itapetiningae",314614,"<30%",2572,-21.6,-48.35
"Bothrops itapetiningae",314614,"<30%",2573,-21.6,-48.3667
"Bothrops itapetiningae",314614,"<30%",2574,-21.1667,-49.5667
"Bothrops itapetiningae",314614,"<30%",2575,-21.1333,-51.1
"Bothrops itapetiningae",314614,"<30%",2576,-22.35,-51.95
"Bothrops itapetiningae",314614,"<30%",2577,-22.3667,-46.9333
"Bothrops itapetiningae",314614,"<30%",2578,-22.3667,-46.95
"Bothrops itapetiningae",314614,"<30%",2579,-21.4667,-47.9667
"Bothrops itapetiningae",314614,"<30%",2580,-21.5083,-48.15
"Bothrops itapetiningae",314614,"<30%",2581,-21.5,-48.15
"Bothrops itapetiningae",314614,"<30%",2582,-20.7167,-47.8833
"Bothrops itapetiningae",314614,"<30%",2583,-22.5278,-50.5375
"Bothrops itapetiningae",314614,"<30%",2584,-22.4167,-50.5833
"Bothrops itapetiningae",314614,"<30%",2585,-22.4,-50.5667
"Bothrops itapetiningae",314614,"<30%",2586,-23.3833,-48.3833
"Bothrops itapetiningae",314614,"<30%",2587,-23.3833,-48.725
"Bothrops itapetiningae",314614,"<30%",2588,-23.389,-48.723
"Bothrops itapetiningae",314614,"<30%",2589,-22,-47.4167
"Bothrops itapetiningae",314614,"<30%",2590,-21.9917,-47.3667
"Bothrops itapetiningae",314614,"<30%",2591,-21.9833,-47.4167
"Bothrops itapetiningae",314614,"<30%",2592,-21.9394,-47.3653
"Bothrops itapetiningae",314614,"<30%",2593,-23.5167,-46.3333
"Bothrops itapetiningae",314614,"<30%",2594,-25.0833,-50.15
"Bothrops itapetiningae",314614,"<30%",2595,-25.0833,-50.1667
"Bothrops itapetiningae",314614,"<30%",2596,-25.0833,-50.3833
"Bothrops itapetiningae",314614,"<30%",2597,-25.095,-50.162
"Bothrops itapetiningae",314614,"<30%",2598,-22.5333,-55.7167
"Bothrops itapetiningae",314614,"<30%",2599,-19.1667,-47.6833
"Bothrops itapetiningae",314614,"<30%",2600,-21.3167,-48.1333
"Bothrops itapetiningae",314614,"<30%",2601,-21.359,-48.066
"Bothrops itapetiningae",314614,"<30%",2602,-21.8667,-51.8333
"Bothrops itapetiningae",314614,"<30%",2603,-22.1833,-52.5
"Bothrops itapetiningae",314614,"<30%",2604,-22.5167,-51.125
"Bothrops itapetiningae",314614,"<30%",2605,-22.2333,-50.9
"Bothrops itapetiningae",314614,"<30%",2606,-22.2333,-51.0333
"Bothrops itapetiningae",314614,"<30%",2607,-22.2167,-50.8833
"Bothrops itapetiningae",314614,"<30%",2608,-21.5833,-48.0667
"Bothrops itapetiningae",314614,"<30%",2609,-21.5869,-48.0708
"Bothrops itapetiningae",314614,"<30%",2610,-22.4,-47.55
"Bothrops itapetiningae",314614,"<30%",2611,-22.4,-47.5667
"Bothrops itapetiningae",314614,"<30%",2612,-19.8833,-47.45
"Bothrops itapetiningae",314614,"<30%",2613,-19.8667,-47.45
"Bothrops itapetiningae",314614,"<30%",2614,-22.8833,-49.6167
"Bothrops itapetiningae",314614,"<30%",2615,-19.5333,-47.45
"Bothrops itapetiningae",314614,"<30%",2616,-21.7,-47.4833
"Bothrops itapetiningae",314614,"<30%",2617,-21.5761,-47.4319
"Bothrops itapetiningae",314614,"<30%",2618,-21.4833,-47.3667
"Bothrops itapetiningae",314614,"<30%",2619,-21.4667,-47.35
"Bothrops itapetiningae",314614,"<30%",2620,-22.0167,-47.8833
"Bothrops itapetiningae",314614,"<30%",2621,-21.6,-46.8833
"Bothrops itapetiningae",314614,"<30%",2622,-21.5833,-46.8833
"Bothrops itapetiningae",314614,"<30%",2623,-20.8167,-49.3667
"Bothrops itapetiningae",314614,"<30%",2624,-22.7167,-48.5667
"Bothrops itapetiningae",314614,"<30%",2625,-20.9167,-46.9833
"Bothrops itapetiningae",314614,"<30%",2626,-21.4667,-47.55
"Bothrops itapetiningae",314614,"<30%",2627,-23.6417,-47.825
"Bothrops itapetiningae",314614,"<30%",2628,-23.3333,-47.7333
"Bothrops itapetiningae",314614,"<30%",2629,-23.641,-47.825
"Bothrops itapetiningae",314614,"<30%",2630,-24.1792,-49.6153
"Bothrops itapetiningae",314614,"<30%",2631,-24.1,-49.45
"Bothrops itapetiningae",314614,"<30%",2632,-21.0167,-50.7167
"Bothrops itapetiningae",314614,"<30%",2633,-23.5,-47.45
"Bothrops itapetiningae",314614,"<30%",2634,-23.502,-47.458
"Bothrops itapetiningae",314614,"<30%",2635,-19.75,-47.9333
"Bothrops itapetiningae",314614,"<30%",2636,-19.7333,-47.9167
"Bothrops itapetiningae",314614,"<30%",2637,-18.9167,-48.2833
"Bothrops itapetiningae",314614,"<30%",2638,-18.9167,-48.2667
"Bothrops itapetiningae",314614,"<30%",2639,-21.8167,-46.8833
"Bothrops itapetiningae",314614,"<30%",2640,-19.5333,-47.4333
"Bothrops itapetiningae",314614,"<30%",2641,-21.555,-47.704
"Bothrops itapetiningae",314614,"<30%",2642,-23.862,-49.137
"Bothrops itapetiningae",314614,"<30%",2643,-21.497,-48.038
"Bothrops itapetiningae",314614,"<30%",2644,-22.292,-51.906
"Bothrops itapetiningae",314614,"<30%",2645,-21.955,-47.997
"Bothrops itapetiningae",314614,"<30%",2646,-19.309,-47.525
"Bothrops itapetiningae",314614,"<30%",2647,-21.996,-47.426
"Bothrops itapetiningae",314614,"<30%",2648,-23.982,-48.876
"Bothrops itapetiningae",314614,"<30%",2649,-20.539,-47.401
"Bothrops itapetiningae",314614,"<30%",2650,-21.758,-48.829
"Bothrops itapetiningae",314614,"<30%",2651,-22.661,-51.076
"Bothrops itapetiningae",314614,"<30%",2652,-24.115,-49.341
"Bothrops itapetiningae",314614,"<30%",2653,-22.253,-47.823
"Bothrops itapetiningae",314614,"<30%",2654,-22.599,-48.8
"Bothrops itapetiningae",314614,"<30%",2655,-22.565,-47.402
"Bothrops itapetiningae",314614,"<30%",2656,-23.003,-49.322
"Bothrops itapetiningae",314614,"<30%",2657,-21.603,-48.366
"Bothrops itapetiningae",314614,"<30%",2658,-21.134,-51.102
"Bothrops itapetiningae",314614,"<30%",2659,-22.372,-46.942
"Bothrops itapetiningae",314614,"<30%",2660,-21.508,-48.151
"Bothrops itapetiningae",314614,"<30%",2661,-20.72,-47.887
"Bothrops itapetiningae",314614,"<30%",2662,-22.413,-50.576
"Bothrops itapetiningae",314614,"<30%",2663,-22.229,-50.893
"Bothrops itapetiningae",314614,"<30%",2664,-21.587,-48.071
"Bothrops itapetiningae",314614,"<30%",2665,-22.411,-47.561
"Bothrops itapetiningae",314614,"<30%",2666,-24.113,-49.464
"Bothrops itapetiningae",314614,"<30%",2667,-19.865,-47.44
"Bothrops itapetiningae",314614,"<30%",2668,-21.473,-47.363
"Bothrops itapetiningae",314614,"<30%",2669,-22.018,-47.891
"Bothrops itapetiningae",314614,"<30%",2670,-21.596,-46.889
"Bothrops itapetiningae",314614,"<30%",2671,-20.917,-46.991
"Bothrops itapetiningae",314614,"<30%",2672,-19.748,-47.932
"Bothrops itapetiningae",314614,"<30%",2673,-18.919,-48.277
"Bothrops itapetiningae",314614,"<30%",2519,-21.9333,-47.3667
"Bothrops itapetiningae",314614,"<30%",2516,-21.8917,-47.0333
"Bothrops itapetiningae",314614,"<30%",2517,-21.7667,-47.0833
"Bothrops itapetiningae",314614,"<30%",2518,-23.0333,-49.15
"Bothrops itapetiningae",314614,"<30%",2504,-15.9589,-47.8927
"Bothrops itapetiningae",314614,"<30%",2506,-15.9943,-47.9771
"Bothrops itapetiningae",314614,"<30%",2502,-15.7099,-48.0224
"Bothrops itapetiningae",314614,"<30%",2503,-15.623,-48.0371
"Bothrops itapetiningae",314614,"<30%",2505,-15.8733,-47.8582
"Crossodactylus franciscanus*",519,"<30%",4768,-20.7167,-46.6167
"Crossodactylus franciscanus*",519,"<30%",4769,-20.2167,-46.3667
"Dendropsophus cerradensis",557,"<30%",5913,-20.5958,-53.5435
"Dendropsophus cerradensis",557,"<30%",5914,-20.4333,-53.75
"Dendropsophus elianeae",515929,"<30%",5990,-22.7226,-47.2883
"Dendropsophus elianeae",515929,"<30%",5991,-19.7552,-55.8629
"Dendropsophus elianeae",515929,"<30%",5992,-23.5389,-47.6638
"Dendropsophus elianeae",515929,"<30%",5993,-22.3666,-47.4666
"Dendropsophus elianeae",515929,"<30%",5994,-22.3333,-49.15
"Dendropsophus elianeae",515929,"<30%",5995,-21.9366,-56.5365
"Dendropsophus elianeae",515929,"<30%",5996,-22.1,-56.5167
"Dendropsophus elianeae",515929,"<30%",5997,-20.6724,-56.7994
"Dendropsophus elianeae",515929,"<30%",5998,-20.789,-56.755
"Dendropsophus elianeae",515929,"<30%",6003,-22.88,-48.4397
"Dendropsophus elianeae",515929,"<30%",6004,-22.2842,-48.1267
"Dendropsophus elianeae",515929,"<30%",6005,-23.7512,-48.5749
"Dendropsophus elianeae",515929,"<30%",6006,-16.076,-47.1239
"Dendropsophus elianeae",515929,"<30%",6007,-19.8678,-43.6372
"Dendropsophus elianeae",515929,"<30%",6008,-22.8833,-47.0437
"Dendropsophus elianeae",515929,"<30%",6009,-15.9298,-48.679
"Dendropsophus elianeae",515929,"<30%",6010,-22.22,-47.6258
"Dendropsophus elianeae",515929,"<30%",6011,-20.35,-49.21
"Dendropsophus elianeae",515929,"<30%",6016,-19.9476,-50.2632
"Dendropsophus elianeae",515929,"<30%",6017,-16.4155,-51.1802
"Dendropsophus elianeae",515929,"<30%",6018,-23.9136,-48.8712
"Dendropsophus elianeae",515929,"<30%",6019,-22.2935,-47.8336
"Dendropsophus elianeae",515929,"<30%",6020,-21.2901,-44.8242
"Dendropsophus elianeae",515929,"<30%",6021,-17.9093,-51.7315
"Dendropsophus elianeae",515929,"<30%",6022,-21.5518,-47.7816
"Dendropsophus elianeae",515929,"<30%",6023,-20.74,-49.937
"Dendropsophus elianeae",515929,"<30%",6024,-13.4983,-48.3484
"Dendropsophus elianeae",515929,"<30%",6012,-20.3685,-49.1928
"Dendropsophus elianeae",515929,"<30%",6013,-20.3671,-49.1853
"Dendropsophus elianeae",515929,"<30%",6014,-20.3417,-49.195
"Dendropsophus elianeae",515929,"<30%",6015,-20.3662,-49.1853
"Dendropsophus elianeae",515929,"<30%",5989,-19.3297,-52.7144
"Dendropsophus elianeae",515929,"<30%",6030,-22.7602,-47.15
"Dendropsophus elianeae",515929,"<30%",6031,-20.2065,-47.4384
"Dendropsophus elianeae",515929,"<30%",6032,-21.0764,-45.0659
"Dendropsophus elianeae",515929,"<30%",6033,-22.879,-45.4587
"Dendropsophus elianeae",515929,"<30%",6034,-22.7255,-47.7824
"Dendropsophus elianeae",515929,"<30%",6035,-21.9951,-47.3895
"Dendropsophus elianeae",515929,"<30%",6036,-13.2923,-49.2307
"Dendropsophus elianeae",515929,"<30%",6037,-22.3728,-47.5791
"Dendropsophus elianeae",515929,"<30%",6038,-17.739,-51.0378
"Dendropsophus elianeae",515929,"<30%",5999,-20.7914,-56.7566
"Dendropsophus elianeae",515929,"<30%",6000,-21.1244,-56.7435
"Dendropsophus elianeae",515929,"<30%",6001,-21.0073,-56.4597
"Dendropsophus elianeae",515929,"<30%",6002,-22.8622,-48.4679
"Dendropsophus elianeae",515929,"<30%",6043,-20.1967,-50.4844
"Dendropsophus elianeae",515929,"<30%",6044,-20.504,-50.094
"Dendropsophus elianeae",515929,"<30%",6025,-17.6134,-52.7643
"Dendropsophus elianeae",515929,"<30%",6026,-20.1197,-56.5975
"Dendropsophus elianeae",515929,"<30%",6027,-21.0761,-49.5431
"Dendropsophus elianeae",515929,"<30%",6028,-20.39,-49.4331
"Dendropsophus elianeae",515929,"<30%",6029,-22.7472,-47.1442
"Dendropsophus elianeae",515929,"<30%",6042,-20.908,-49.921
"Dendropsophus elianeae",515929,"<30%",6039,-19.1888,-43.645
"Dendropsophus elianeae",515929,"<30%",6040,-19.0278,-48.3313
"Dendropsophus elianeae",515929,"<30%",6041,-16.3754,-46.8194
"Dendropsophus jimi",413864,"<30%",6046,-18.6738,-51.8805
"Dendropsophus jimi",413864,"<30%",6047,-18.7676,-52.0449
"Dendropsophus jimi",413864,"<30%",6048,-21.0073,-56.4597
"Dendropsophus jimi",413864,"<30%",6045,-22.8582,-49.2603
"Dendropsophus jimi",413864,"<30%",6050,-22.8833,-48.4333
"Dendropsophus jimi",413864,"<30%",6051,-15.7807,-47.7968
"Dendropsophus jimi",413864,"<30%",6052,-22.2726,-48.0809
"Dendropsophus jimi",413864,"<30%",6049,-22.8622,-48.4679
"Dendropsophus jimi",413864,"<30%",6058,-21.87,-48.67
"Dendropsophus jimi",413864,"<30%",6059,-23.4338,-54.5379
"Dendropsophus jimi",413864,"<30%",6060,-23.9136,-48.8712
"Dendropsophus jimi",413864,"<30%",6061,-23.1526,-48.629
"Dendropsophus jimi",413864,"<30%",6062,-22.2935,-47.8336
"Dendropsophus jimi",413864,"<30%",6063,-22.7002,-46.9797
"Dendropsophus jimi",413864,"<30%",6064,-17.6134,-52.7643
"Dendropsophus jimi",413864,"<30%",6065,-17.1737,-46.8838
"Dendropsophus jimi",413864,"<30%",6053,-15.4529,-46.6042
"Dendropsophus jimi",413864,"<30%",6071,-20.187,-46.5135
"Dendropsophus jimi",413864,"<30%",6072,-18.2242,-52.2115
"Dendropsophus jimi",413864,"<30%",6073,-16.6026,-48.547
"Dendropsophus jimi",413864,"<30%",6074,-14.7347,-46.2405
"Dendropsophus jimi",413864,"<30%",6075,-20.4382,-52.2111
"Dendropsophus jimi",413864,"<30%",6076,-19.0278,-48.3313
"Dendropsophus jimi",413864,"<30%",6077,-18.9186,-48.2769
"Dendropsophus jimi",413864,"<30%",6078,-16.3754,-46.8194
"Dendropsophus jimi",413864,"<30%",6057,-15.9298,-48.679
"Dendropsophus jimi",413864,"<30%",6054,-22.9,-47.06
"Dendropsophus jimi",413864,"<30%",6055,-20.9125,-54.2494
"Dendropsophus jimi",413864,"<30%",6056,-18.47,-52.6519
"Dendropsophus jimi",413864,"<30%",6068,-18.437,-50.5295
"Dendropsophus jimi",413864,"<30%",6070,-23.6499,-46.6476
"Dendropsophus jimi",413864,"<30%",6066,-17.3655,-48.8475
"Dendropsophus jimi",413864,"<30%",6067,-23.1861,-49.3657
"Dendropsophus jimi",413864,"<30%",6069,-21.637,-44.0665
"Dendropsophus rhea",359,"<30%",6079,-21.9951,-47.3895
"Dendropsophus rhea",359,"<30%",6080,-21.9833,-47.4167
"Helicops gomesi*",228362,"<30%",7140,-20.75,-51.6667
"Helicops gomesi*",228362,"<30%",7141,-19.677,-51.191
"Helicops gomesi*",228362,"<30%",7144,-23.165,-47.744
"Helicops gomesi*",228362,"<30%",7145,-22.906,-47.061
"Helicops gomesi*",228362,"<30%",7142,-23.649,-47.573
"Helicops gomesi*",228362,"<30%",7143,-23.1767,-47.6736
"Helicops gomesi*",228362,"<30%",7139,-20.7598,-51.6951
"Helicops gomesi*",228362,"<30%",7153,-22.7055,-47.6538
"Helicops gomesi*",228362,"<30%",7154,-22.7,-47.6333
"Helicops gomesi*",228362,"<30%",7155,-22.6667,-48.3667
"Helicops gomesi*",228362,"<30%",7156,-22.6589,-47.2068
"Helicops gomesi*",228362,"<30%",7157,-22.646,-47.196
"Helicops gomesi*",228362,"<30%",7158,-22.6401,-47.681
"Helicops gomesi*",228362,"<30%",7150,-22.742,-46.901
"Helicops gomesi*",228362,"<30%",7151,-22.739,-47.331
"Helicops gomesi*",228362,"<30%",7152,-22.725,-47.649
"Helicops gomesi*",228362,"<30%",7126,-16.3242,-48.1828
"Helicops gomesi*",228362,"<30%",7127,-15.78,-47.93
"Helicops gomesi*",228362,"<30%",7128,-18.25,-52.8833
"Helicops gomesi*",228362,"<30%",7129,-17.7833,-50.9167
"Helicops gomesi*",228362,"<30%",7130,-21.15,-45.7333
"Helicops gomesi*",228362,"<30%",7131,-20.1289,-48.5714
"Helicops gomesi*",228362,"<30%",7146,-22.8981,-48.4914
"Helicops gomesi*",228362,"<30%",7147,-22.895,-50.3834
"Helicops gomesi*",228362,"<30%",7148,-22.789,-48.127
"Helicops gomesi*",228362,"<30%",7149,-22.7713,-46.9897
"Helicops gomesi*",228362,"<30%",7136,-18.915,-48.0412
"Helicops gomesi*",228362,"<30%",7137,-18.649,-48.187
"Helicops gomesi*",228362,"<30%",7138,-18.6333,-48.1833
"Helicops gomesi*",228362,"<30%",7178,-22.35,-47.85
"Helicops gomesi*",228362,"<30%",7165,-22.2331,-48.6831
"Helicops gomesi*",228362,"<30%",7166,-22.136,-48.518
"Helicops gomesi*",228362,"<30%",7167,-21.794,-48.176
"Helicops gomesi*",228362,"<30%",7168,-21.596,-48.813
"Helicops gomesi*",228362,"<30%",7169,-21.009,-48.222
"Helicops gomesi*",228362,"<30%",7170,-20.82,-49.379
"Helicops gomesi*",228362,"<30%",7159,-22.565,-47.402
"Helicops gomesi*",228362,"<30%",7160,-22.3829,-48.8384
"Helicops gomesi*",228362,"<30%",7161,-22.3702,-48.5924
"Helicops gomesi*",228362,"<30%",7162,-22.366,-48.38
"Helicops gomesi*",228362,"<30%",7163,-22.3657,-48.6794
"Helicops gomesi*",228362,"<30%",7176,-20.5071,-47.8596
"Helicops gomesi*",228362,"<30%",7164,-22.2417,-51.1457
"Helicops gomesi*",228362,"<30%",7133,-19.4667,-46.5333
"Helicops gomesi*",228362,"<30%",7134,-19.307,-48.924
"Helicops gomesi*",228362,"<30%",7171,-20.6672,-51.5172
"Helicops gomesi*",228362,"<30%",7132,-19.728,-50.196
"Helicops gomesi*",228362,"<30%",7177,-20.433,-51.343
"Helicops gomesi*",228362,"<30%",7172,-20.6667,-51.5167
"Helicops gomesi*",228362,"<30%",7135,-19.3,-48.9167
"Helicops gomesi*",228362,"<30%",7175,-21.763,-52.116
"Helicops gomesi*",228362,"<30%",7173,-20.5833,-47.85
"Helicops gomesi*",228362,"<30%",7174,-20.581,-47.855
"Heterodactylus lundii",24132,"<30%",7538,-19.3333,-43.6167
"Heterodactylus lundii",24132,"<30%",7539,-17.6667,-44.5833
"Heterodactylus lundii",24132,"<30%",7537,-20.2333,-46.65
"Hydropsalis candicans",322751,"<30%",7596,-15.5833,-56.0833
"Hydropsalis candicans",322751,"<30%",7600,-19.1525,-47.6747
"Hydropsalis candicans",322751,"<30%",7601,-19.7483,-47.9319
"Hydropsalis candicans",322751,"<30%",7599,-18,-52.75
"Hydropsalis candicans",322751,"<30%",7595,-18.4085,-52.5494
"Hydropsalis candicans",322751,"<30%",7602,-23.8167,-56.3
"Hydropsalis candicans",322751,"<30%",7598,-22.2,-46.95
"Hydropsalis candicans",322751,"<30%",7594,-14.8667,-66.3167
"Hydropsalis candicans",322751,"<30%",7597,-17.5695,-52.5514
"Hydropsalis candicans",322751,"<30%",7593,-24.1667,-55.25
"Leposternon cerradensis",266,"<30%",7727,-18.6634,-51.8716
"Liotyphlops schubarti",565,"<30%",7917,-21.0256,-47.3739
"Liotyphlops schubarti",565,"<30%",7916,-21.9961,-47.4258
"Nystalus striatipectus",110512,"<30%",8888,-20.4667,-55.8
"Nystalus striatipectus",110512,"<30%",8920,-23.9703,-55.0356
"Nystalus striatipectus",110512,"<30%",8921,-20.9319,-54.9614
"Nystalus striatipectus",110512,"<30%",8922,-17.5769,-54.7578
"Nystalus striatipectus",110512,"<30%",8923,-20.4422,-54.8603
"Nystalus striatipectus",110512,"<30%",8894,-19.8317,-54.8294
"Nystalus striatipectus",110512,"<30%",8895,-19.0167,-57.65
"Nystalus striatipectus",110512,"<30%",8896,-19.0092,-57.6533
"Nystalus striatipectus",110512,"<30%",8897,-18.5439,-53.1292
"Nystalus striatipectus",110512,"<30%",8898,-18.5,-54.75
"Nystalus striatipectus",110512,"<30%",8899,-18.5067,-54.76
"Nystalus striatipectus",110512,"<30%",8900,-20.6797,-55.2961
"Nystalus striatipectus",110512,"<30%",8901,-22.2211,-54.8056
"Nystalus striatipectus",110512,"<30%",8889,-20.4711,-55.7872
"Nystalus striatipectus",110512,"<30%",8890,-22.1089,-56.5211
"Nystalus striatipectus",110512,"<30%",8891,-20.5386,-56.715
"Nystalus striatipectus",110512,"<30%",8892,-21.1211,-56.4819
"Nystalus striatipectus",110512,"<30%",8893,-20.4428,-54.6464
"Nystalus striatipectus",110512,"<30%",8906,-21.4803,-56.1381
"Nystalus striatipectus",110512,"<30%",8907,-22.4819,-54.3025
"Nystalus striatipectus",110512,"<30%",8908,-22.8606,-54.6028
"Nystalus striatipectus",110512,"<30%",8909,-21.6144,-55.1683
"Nystalus striatipectus",110512,"<30%",8910,-20.2333,-56.3667
"Nystalus striatipectus",110512,"<30%",8911,-20.2406,-56.3783
"Nystalus striatipectus",110512,"<30%",8912,-23.065,-54.1906
"Nystalus striatipectus",110512,"<30%",8913,-22.2333,-53.3431
"Nystalus striatipectus",110512,"<30%",8902,-22.3742,-54.5139
"Nystalus striatipectus",110512,"<30%",8903,-22.4175,-54.2325
"Nystalus striatipectus",110512,"<30%",8919,-20.1667,-56.5167
"Nystalus striatipectus",110512,"<30%",8918,-18.9181,-54.8442
"Nystalus striatipectus",110512,"<30%",8905,-20.1417,-54.3994
"Nystalus striatipectus",110512,"<30%",8914,-21.6989,-57.8825
"Nystalus striatipectus",110512,"<30%",8915,-20.4431,-53.7592
"Nystalus striatipectus",110512,"<30%",8916,-19.4494,-54.9869
"Nystalus striatipectus",110512,"<30%",8904,-21.4578,-56.1142
"Nystalus striatipectus",110512,"<30%",8917,-18.0167,-57.5
"Oxymycterus itapeby",420,"<30%",9101,-24.1833,-49.6
"Oxymycterus itapeby",420,"<30%",9102,-24.25,-49.9333
"Oxymycterus itapeby",420,"<30%",9100,-23.5833,-46.9667
"Phalotris lativittatus",46803,"<30%",9290,-21.95,-47.9833
"Phalotris lativittatus",46803,"<30%",9291,-21.955,-47.997
"Phalotris lativittatus",46803,"<30%",9289,-21.9547,-47.9967
"Phalotris lativittatus",46803,"<30%",9294,-21.0417,-47.7167
"Phalotris lativittatus",46803,"<30%",9295,-21.6417,-48.35
"Phalotris lativittatus",46803,"<30%",9292,-22.2167,-47.8833
"Phalotris lativittatus",46803,"<30%",9293,-22.25,-47.8167
"Phalotris lativittatus",46803,"<30%",9284,-21.0333,-51.2167
"Phalotris lativittatus",46803,"<30%",9285,-21.0283,-51.2067
"Phalotris lativittatus",46803,"<30%",9286,-21.0333,-51.1833
"Phalotris lativittatus",46803,"<30%",9287,-23.3667,-48.1833
"Phalotris lativittatus",46803,"<30%",9288,-21.95,-48.0167
"Phalotris lativittatus",46803,"<30%",9327,-23.75,-49.2831
"Phalotris lativittatus",46803,"<30%",9328,-23.75,-49.2833
"Phalotris lativittatus",46803,"<30%",9329,-21.2333,-50.8667
"Phalotris lativittatus",46803,"<30%",9330,-21.2278,-50.8683
"Phalotris lativittatus",46803,"<30%",9331,-21.2167,-50.8667
"Phalotris lativittatus",46803,"<30%",9332,-21.7106,-47.4781
"Phalotris lativittatus",46803,"<30%",9333,-21.228,-50.868
"Phalotris lativittatus",46803,"<30%",9253,-21.508,-48.151
"Phalotris lativittatus",46803,"<30%",9254,-21.537,-49.858
"Phalotris lativittatus",46803,"<30%",9296,-21.6,-48.3667
"Phalotris lativittatus",46803,"<30%",9297,-21.6,-48.35
"Phalotris lativittatus",46803,"<30%",9298,-21.5083,-48.15
"Phalotris lativittatus",46803,"<30%",9299,-21.5081,-48.1511
"Phalotris lativittatus",46803,"<30%",9300,-21.5,-48.15
"Phalotris lativittatus",46803,"<30%",9301,-21.5333,-49.85
"Phalotris lativittatus",46803,"<30%",9302,-21.65,-49.85
"Phalotris lativittatus",46803,"<30%",9303,-21.5367,-49.8581
"Phalotris lativittatus",46803,"<30%",9304,-21.5542,-48.1139
"Phalotris lativittatus",46803,"<30%",9305,-20.7667,-47.8333
"Phalotris lativittatus",46803,"<30%",9306,-21.7739,-47.7936
"Phalotris lativittatus",46803,"<30%",9307,-21.7667,-47.7833
"Phalotris lativittatus",46803,"<30%",9308,-21.725,-47.625
"Phalotris lativittatus",46803,"<30%",9283,-21.3667,-50.2
"Phalotris lativittatus",46803,"<30%",9323,-21.705,-47.2744
"Phalotris lativittatus",46803,"<30%",9324,-21.705,-47.274
"Phalotris lativittatus",46803,"<30%",9325,-22.4686,-52.3425
"Phalotris lativittatus",46803,"<30%",9326,-21.5869,-48.0708
"Phalotris lativittatus",46803,"<30%",9246,-21.026,-47.374
"Phalotris lativittatus",46803,"<30%",9247,-21.352,-50.281
"Phalotris lativittatus",46803,"<30%",9248,-20.539,-47.401
"Phalotris lativittatus",46803,"<30%",9249,-21.384,-50.211
"Phalotris lativittatus",46803,"<30%",9250,-21.028,-51.207
"Phalotris lativittatus",46803,"<30%",9251,-21.018,-47.764
"Phalotris lativittatus",46803,"<30%",9252,-21.603,-48.366
"Phalotris lativittatus",46803,"<30%",9266,-22.3147,-49.0606
"Phalotris lativittatus",46803,"<30%",9267,-22.8904,-48.4553
"Phalotris lativittatus",46803,"<30%",9255,-21.587,-48.071
"Phalotris lativittatus",46803,"<30%",9256,-21.087,-47.151
"Phalotris lativittatus",46803,"<30%",9257,-21.479,-47.551
"Phalotris lativittatus",46803,"<30%",9258,-22.4667,-48.9833
"Phalotris lativittatus",46803,"<30%",9259,-22.4692,-48.9875
"Phalotris lativittatus",46803,"<30%",9260,-21.025,-47.3833
"Phalotris lativittatus",46803,"<30%",9261,-21.0256,-47.3739
"Phalotris lativittatus",46803,"<30%",9262,-22.0889,-47.7667
"Phalotris lativittatus",46803,"<30%",9263,-21.7944,-48.1756
"Phalotris lativittatus",46803,"<30%",9264,-21.9669,-47.65
"Phalotris lativittatus",46803,"<30%",9265,-22.0667,-48.7333
"Phalotris lativittatus",46803,"<30%",9320,-21.3167,-47.5667
"Phalotris lativittatus",46803,"<30%",9321,-21.7,-47.2667
"Phalotris lativittatus",46803,"<30%",9309,-21.71,-47.478
"Phalotris lativittatus",46803,"<30%",9310,-21.0917,-47.15
"Phalotris lativittatus",46803,"<30%",9311,-21.0869,-47.1511
"Phalotris lativittatus",46803,"<30%",9312,-21.0833,-47.15
"Phalotris lativittatus",46803,"<30%",9313,-22.0167,-47.8833
"Phalotris lativittatus",46803,"<30%",9314,-21.7944,-47.8311
"Phalotris lativittatus",46803,"<30%",9315,-21.775,-47.7917
"Phalotris lativittatus",46803,"<30%",9316,-22.0175,-47.8908
"Phalotris lativittatus",46803,"<30%",9317,-22.018,-47.891
"Phalotris lativittatus",46803,"<30%",9318,-21.375,-47.6278
"Phalotris lativittatus",46803,"<30%",9319,-21.4667,-47.55
"Phalotris lativittatus",46803,"<30%",9278,-21.6167,-47.35
"Phalotris lativittatus",46803,"<30%",9279,-20.5333,-47.4
"Phalotris lativittatus",46803,"<30%",9322,-21.6278,-47.3658
"Phalotris lativittatus",46803,"<30%",9282,-21.3761,-50.2058
"Phalotris lativittatus",46803,"<30%",9269,-22.8833,-48.4833
"Phalotris lativittatus",46803,"<30%",9270,-22.4667,-49.3333
"Phalotris lativittatus",46803,"<30%",9271,-22.4579,-49.341
"Phalotris lativittatus",46803,"<30%",9272,-21.55,-47.45
"Phalotris lativittatus",46803,"<30%",9273,-22.4667,-50.6
"Phalotris lativittatus",46803,"<30%",9274,-21.35,-50.2833
"Phalotris lativittatus",46803,"<30%",9275,-21.3519,-50.2814
"Phalotris lativittatus",46803,"<30%",9276,-21.35,-50.2667
"Phalotris lativittatus",46803,"<30%",9277,-21.05,-48.3164
"Phalotris lativittatus",46803,"<30%",9281,-21.3833,-50.2083
"Phalotris lativittatus",46803,"<30%",9280,-20.5386,-47.4008
"Phalotris lativittatus",46803,"<30%",9268,-22.8833,-48.4333
"Phalotris matogrossensis",335284,"<30%",9417,-20.5211,-55.2946
"Phalotris matogrossensis",335284,"<30%",9416,-20.5574,-55.2946
"Phalotris matogrossensis",335284,"<30%",9407,-18.999,-56.6457
"Phalotris matogrossensis",335284,"<30%",9408,-18.9791,-56.6486
"Phalotris matogrossensis",335284,"<30%",9409,-18.9639,-56.6253
"Phalotris matogrossensis",335284,"<30%",9406,-18.977,-56.6476
"Phalotris matogrossensis",335284,"<30%",9411,-15.6167,-56.0833
"Phalotris matogrossensis",335284,"<30%",9412,-15.5833,-56.0833
"Phalotris matogrossensis",335284,"<30%",9413,-15.618,-56.086
"Phalotris matogrossensis",335284,"<30%",9410,-17.8308,-57.5517
"Phalotris matogrossensis",335284,"<30%",9415,-20.5612,-55.3049
"Phalotris matogrossensis",335284,"<30%",9334,-25.1737,-57.5318
"Phalotris matogrossensis",335284,"<30%",9335,-25.1667,-57.5
"Phalotris matogrossensis",335284,"<30%",9414,-15.6,-56.093
"Phalotris matogrossensis",335284,"<30%",9337,-25.3063,-57.401
"Phalotris matogrossensis",335284,"<30%",9338,-25.3,-57.4167
"Phalotris matogrossensis",335284,"<30%",9339,-25.1833,-57.6167
"Phalotris matogrossensis",335284,"<30%",9340,-25.3861,-57.1567
"Phalotris matogrossensis",335284,"<30%",9341,-25.3833,-57.15
"Phalotris matogrossensis",335284,"<30%",9342,-25.4722,-56.3333
"Phalotris matogrossensis",335284,"<30%",9343,-25.5558,-57.0456
"Phalotris matogrossensis",335284,"<30%",9344,-25.3861,-57.1409
"Phalotris matogrossensis",335284,"<30%",9345,-25.4667,-56.3333
"Phalotris matogrossensis",335284,"<30%",9346,-25.4833,-57.05
"Phalotris matogrossensis",335284,"<30%",9347,-20.448,-52.878
"Phalotris matogrossensis",335284,"<30%",9348,-16.327,-48.953
"Phalotris matogrossensis",335284,"<30%",9336,-25.5634,-57.0343
"Phalotris matogrossensis",335284,"<30%",9405,-18.9772,-56.6229
"Phalotris matogrossensis",335284,"<30%",9404,-19.2466,-57.5732
"Phalotris matogrossensis",335284,"<30%",9364,-20.7071,-55.7611
"Phalotris matogrossensis",335284,"<30%",9365,-22.1833,-52.7167
"Phalotris matogrossensis",335284,"<30%",9366,-20.4667,-55.7833
"Phalotris matogrossensis",335284,"<30%",9367,-20.4821,-55.7803
"Phalotris matogrossensis",335284,"<30%",9368,-20.4756,-55.7892
"Phalotris matogrossensis",335284,"<30%",9369,-20.471,-55.7713
"Phalotris matogrossensis",335284,"<30%",9370,-20.469,-55.7867
"Phalotris matogrossensis",335284,"<30%",9371,-20.4465,-55.4019
"Phalotris matogrossensis",335284,"<30%",9372,-19.7557,-55.8634
"Phalotris matogrossensis",335284,"<30%",9373,-19.7556,-55.8633
"Phalotris matogrossensis",335284,"<30%",9374,-20.9675,-55.8387
"Phalotris matogrossensis",335284,"<30%",9375,-20.459,-55.7756
"Phalotris matogrossensis",335284,"<30%",9418,-20.5122,-55.33
"Phalotris matogrossensis",335284,"<30%",9419,-21.6186,-56.5072
"Phalotris matogrossensis",335284,"<30%",9420,-21.4917,-56.4031
"Phalotris matogrossensis",335284,"<30%",9421,-19.1633,-57.6381
"Phalotris matogrossensis",335284,"<30%",9422,-20.2333,-56.3833
"Phalotris matogrossensis",335284,"<30%",9423,-20.25,-51.3833
"Phalotris matogrossensis",335284,"<30%",9424,-20.2333,-56.3667
"Phalotris matogrossensis",335284,"<30%",9425,-20.12,-56.5982
"Phalotris matogrossensis",335284,"<30%",9426,-21.1333,-55.8167
"Phalotris matogrossensis",335284,"<30%",9427,-15.8315,-56.5281
"Phalotris matogrossensis",335284,"<30%",9428,-20.65,-51.3
"Phalotris matogrossensis",335284,"<30%",9429,-16.6524,-57.1563
"Phalotris matogrossensis",335284,"<30%",9430,-16.25,-56.6167
"Phalotris matogrossensis",335284,"<30%",9431,-15.6507,-57.2209
"Phalotris matogrossensis",335284,"<30%",9432,-21.8667,-51.85
"Phalotris matogrossensis",335284,"<30%",9433,-21.85,-51.8333
"Phalotris matogrossensis",335284,"<30%",9434,-20.4431,-53.7592
"Phalotris matogrossensis",335284,"<30%",9435,-20.4333,-53.75
"Phalotris matogrossensis",335284,"<30%",9436,-16.4708,-54.6356
"Phalotris matogrossensis",335284,"<30%",9437,-16.1092,-55.3767
"Phalotris matogrossensis",335284,"<30%",9438,-20.75,-51.6667
"Phalotris matogrossensis",335284,"<30%",9439,-20.7333,-51.3667
"Phalotris matogrossensis",335284,"<30%",9440,-20.7833,-51.7
"Phalotris matogrossensis",335284,"<30%",9441,-20.7917,-51.6375
"Phalotris matogrossensis",335284,"<30%",9442,-19.7833,-47.6
"Phalotris matogrossensis",335284,"<30%",9443,-15.5709,-56.255
"Phalotris matogrossensis",335284,"<30%",9444,-20.751,-51.678
"Phalotris matogrossensis",335284,"<30%",9445,-19.748,-47.932
"Phalotris matogrossensis",335284,"<30%",9377,-22.1,-56.5167
"Phalotris matogrossensis",335284,"<30%",9378,-22.1,-56.5333
"Phalotris matogrossensis",335284,"<30%",9379,-21.1333,-56.4833
"Phalotris matogrossensis",335284,"<30%",9380,-21.1167,-56.4667
"Phalotris matogrossensis",335284,"<30%",9381,-22.6298,-54.8254
"Phalotris matogrossensis",335284,"<30%",9382,-16.0667,-57.6667
"Phalotris matogrossensis",335284,"<30%",9383,-16.05,-57.7
"Phalotris matogrossensis",335284,"<30%",9384,-16.2833,-58.15
"Phalotris matogrossensis",335284,"<30%",9385,-20.45,-54.6167
"Phalotris matogrossensis",335284,"<30%",9386,-20.4333,-54.6333
"Phalotris matogrossensis",335284,"<30%",9387,-20.4667,-54.6167
"Phalotris matogrossensis",335284,"<30%",9388,-20.4537,-54.6613
"Phalotris matogrossensis",335284,"<30%",9376,-20.4572,-55.8011
"Phalotris matogrossensis",335284,"<30%",9350,-22.6333,-54.8333
"Phalotris matogrossensis",335284,"<30%",9351,-16.071,-57.679
"Phalotris matogrossensis",335284,"<30%",9352,-20.443,-54.646
"Phalotris matogrossensis",335284,"<30%",9353,-20.5,-54.6333
"Phalotris matogrossensis",335284,"<30%",9354,-20.425,-54.6583
"Phalotris matogrossensis",335284,"<30%",9355,-22.8333,-51.6083
"Phalotris matogrossensis",335284,"<30%",9356,-15.596,-56.097
"Phalotris matogrossensis",335284,"<30%",9357,-21.876,-51.844
"Phalotris matogrossensis",335284,"<30%",9358,-20.45,-52.8667
"Phalotris matogrossensis",335284,"<30%",9359,-20.0072,-52.9957
"Phalotris matogrossensis",335284,"<30%",9360,-20.4333,-52.8833
"Phalotris matogrossensis",335284,"<30%",9361,-16.3051,-48.9724
"Phalotris matogrossensis",335284,"<30%",9349,-22.109,-56.521
"Phalotris matogrossensis",335284,"<30%",9363,-20.4861,-55.8041
"Phalotris matogrossensis",335284,"<30%",9390,-20.9131,-54.2497
"Phalotris matogrossensis",335284,"<30%",9391,-20.4977,-54.6342
"Phalotris matogrossensis",335284,"<30%",9392,-20.4645,-55.6561
"Phalotris matogrossensis",335284,"<30%",9393,-20.4529,-54.6289
"Phalotris matogrossensis",335284,"<30%",9394,-20.4526,-54.6616
"Phalotris matogrossensis",335284,"<30%",9395,-20.4509,-54.6231
"Phalotris matogrossensis",335284,"<30%",9396,-20.4397,-54.6718
"Phalotris matogrossensis",335284,"<30%",9397,-20.4307,-54.6561
"Phalotris matogrossensis",335284,"<30%",9398,-19.8,-47.6
"Phalotris matogrossensis",335284,"<30%",9399,-19.1667,-57.4333
"Phalotris matogrossensis",335284,"<30%",9400,-19,-57.65
"Phalotris matogrossensis",335284,"<30%",9362,-16.3333,-48.95
"Phalotris matogrossensis",335284,"<30%",9389,-20.4095,-54.52
"Phalotris matogrossensis",335284,"<30%",9403,-17.8306,-57.5547
"Phalotris matogrossensis",335284,"<30%",9401,-19.2583,-57.2333
"Phalotris matogrossensis",335284,"<30%",9402,-19.15,-57.6167
"Phalotris mertensi",264819,"<30%",9529,-23.0411,-49.1661
"Phalotris mertensi",264819,"<30%",9530,-23.1667,-47.75
"Phalotris mertensi",264819,"<30%",9533,-23.6003,-48.2333
"Phalotris mertensi",264819,"<30%",9534,-19.0816,-52.7521
"Phalotris mertensi",264819,"<30%",9531,-23.165,-47.7436
"Phalotris mertensi",264819,"<30%",9532,-21.9333,-47.3667
"Phalotris mertensi",264819,"<30%",9537,-19.8,-47.6
"Phalotris mertensi",264819,"<30%",9538,-20.2169,-48.6331
"Phalotris mertensi",264819,"<30%",9535,-18.7833,-52.6167
"Phalotris mertensi",264819,"<30%",9536,-22.1003,-47.8331
"Phalotris mertensi",264819,"<30%",9528,-20.9028,-49.2683
"Phalotris mertensi",264819,"<30%",9447,-22.886,-48.445
"Phalotris mertensi",264819,"<30%",9448,-22.823,-47.0829
"Phalotris mertensi",264819,"<30%",9449,-20.4667,-54.6167
"Phalotris mertensi",264819,"<30%",9450,-20.443,-54.646
"Phalotris mertensi",264819,"<30%",9451,-22.75,-50.3833
"Phalotris mertensi",264819,"<30%",9452,-22.746,-50.387
"Phalotris mertensi",264819,"<30%",9453,-19.937,-47.542
"Phalotris mertensi",264819,"<30%",9454,-23.1833,-50.65
"Phalotris mertensi",264819,"<30%",9455,-23.181,-50.647
"Phalotris mertensi",264819,"<30%",9456,-23.5833,-48.05
"Phalotris mertensi",264819,"<30%",9457,-23.592,-48.053
"Phalotris mertensi",264819,"<30%",9527,-21.1333,-48.9667
"Phalotris mertensi",264819,"<30%",9446,-21.724,-48.102
"Phalotris mertensi",264819,"<30%",9460,-21.555,-47.704
"Phalotris mertensi",264819,"<30%",9461,-22.372,-46.942
"Phalotris mertensi",264819,"<30%",9462,-21.996,-47.426
"Phalotris mertensi",264819,"<30%",9463,-22.536,-55.726
"Phalotris mertensi",264819,"<30%",9464,-22.0667,-46.9833
"Phalotris mertensi",264819,"<30%",9465,-22.4667,-48.9833
"Phalotris mertensi",264819,"<30%",9466,-22.4692,-48.9875
"Phalotris mertensi",264819,"<30%",9467,-21.025,-47.3833
"Phalotris mertensi",264819,"<30%",9468,-21.0256,-47.3739
"Phalotris mertensi",264819,"<30%",9469,-21.2833,-50.7997
"Phalotris mertensi",264819,"<30%",9470,-22.75,-47.3333
"Phalotris mertensi",264819,"<30%",9458,-21.596,-48.813
"Phalotris mertensi",264819,"<30%",9459,-18.42,-49.218
"Phalotris mertensi",264819,"<30%",9526,-21.05,-48.0997
"Phalotris mertensi",264819,"<30%",9648,-23.2,-47.2833
"Phalotris mertensi",264819,"<30%",9649,-23.2008,-47.2869
"Phalotris mertensi",264819,"<30%",9650,-21.3833,-47.2664
"Phalotris mertensi",264819,"<30%",9651,-21.2428,-48.8042
"Phalotris mertensi",264819,"<30%",9652,-22.75,-47.4167
"Phalotris mertensi",264819,"<30%",9653,-21.4628,-48.3908
"Phalotris mertensi",264819,"<30%",9654,-22.5667,-48.15
"Phalotris mertensi",264819,"<30%",9655,-21.7,-47.4833
"Phalotris mertensi",264819,"<30%",9656,-21.7103,-47.4781
"Phalotris mertensi",264819,"<30%",9657,-21.4833,-47.3667
"Phalotris mertensi",264819,"<30%",9658,-22.0167,-47.8833
"Phalotris mertensi",264819,"<30%",9659,-21.775,-47.7917
"Phalotris mertensi",264819,"<30%",9539,-22.4836,-47.4667
"Phalotris mertensi",264819,"<30%",9540,-21.7336,-47.2831
"Phalotris mertensi",264819,"<30%",9541,-22.6003,-48.9833
"Phalotris mertensi",264819,"<30%",9542,-21.05,-48.3164
"Phalotris mertensi",264819,"<30%",9543,-22.6458,-47.1961
"Phalotris mertensi",264819,"<30%",9544,-22.7417,-50.7917
"Phalotris mertensi",264819,"<30%",9545,-22.3833,-48.3833
"Phalotris mertensi",264819,"<30%",9546,-22.1167,-48.3167
"Phalotris mertensi",264819,"<30%",9547,-23.5919,-48.4772
"Phalotris mertensi",264819,"<30%",9548,-19.7833,-47.5833
"Phalotris mertensi",264819,"<30%",9549,-22.9,-50.725
"Phalotris mertensi",264819,"<30%",9550,-23.325,-46.725
"Phalotris mertensi",264819,"<30%",9551,-22.2167,-49.65
"Phalotris mertensi",264819,"<30%",9552,-21.0333,-51.2167
"Phalotris mertensi",264819,"<30%",9553,-21.25,-50.65
"Phalotris mertensi",264819,"<30%",9554,-21.36,-48.2283
"Phalotris mertensi",264819,"<30%",9555,-22.6833,-47.2
"Phalotris mertensi",264819,"<30%",9556,-22.3,-48.8831
"Phalotris mertensi",264819,"<30%",9557,-21.2169,-48.45
"Phalotris mertensi",264819,"<30%",9558,-20.0383,-47.7469
"Phalotris mertensi",264819,"<30%",9559,-21.4169,-46.8164
"Phalotris mertensi",264819,"<30%",9560,-23.5478,-46.6358
"Phalotris mertensi",264819,"<30%",9561,-22.1744,-51.2517
"Phalotris mertensi",264819,"<30%",9562,-21.7667,-50.9667
"Phalotris mertensi",264819,"<30%",9563,-23.3669,-46.75
"Phalotris mertensi",264819,"<30%",9564,-23.5917,-48.0531
"Phalotris mertensi",264819,"<30%",9565,-21.6,-48.8167
"Phalotris mertensi",264819,"<30%",9566,-21.5956,-48.8128
"Phalotris mertensi",264819,"<30%",9567,-22.25,-47.8167
"Phalotris mertensi",264819,"<30%",9568,-22.2333,-47.8833
"Phalotris mertensi",264819,"<30%",9569,-22.2167,-47.8833
"Phalotris mertensi",264819,"<30%",9570,-21.7333,-46.9667
"Phalotris mertensi",264819,"<30%",9571,-23.2667,-47.3
"Phalotris mertensi",264819,"<30%",9572,-18.4167,-49.2167
"Phalotris mertensi",264819,"<30%",9573,-18.4167,-49.2
"Phalotris mertensi",264819,"<30%",9574,-21.2547,-48.3222
"Phalotris mertensi",264819,"<30%",9575,-23.7815,-46.7479
"Phalotris mertensi",264819,"<30%",9576,-22.2964,-48.5578
"Phalotris mertensi",264819,"<30%",9577,-21.9503,-48.3831
"Phalotris mertensi",264819,"<30%",9578,-22.1833,-47.3833
"Phalotris mertensi",264819,"<30%",9579,-21.1856,-47.3903
"Phalotris mertensi",264819,"<30%",9580,-22.5833,-48.8
"Phalotris mertensi",264819,"<30%",9581,-21.6786,-49.7425
"Phalotris mertensi",264819,"<30%",9582,-22.9978,-48.685
"Phalotris mertensi",264819,"<30%",9583,-22.3669,-47.3497
"Phalotris mertensi",264819,"<30%",9584,-21.6,-47.79
"Phalotris mertensi",264819,"<30%",9585,-21.55,-47.7
"Phalotris mertensi",264819,"<30%",9586,-20.1458,-50.1944
"Phalotris mertensi",264819,"<30%",9587,-23.5458,-47.1833
"Phalotris mertensi",264819,"<30%",9588,-20.8778,-48.7142
"Phalotris mertensi",264819,"<30%",9589,-21.6033,-48.3658
"Phalotris mertensi",264819,"<30%",9590,-21.6,-48.3667
"Phalotris mertensi",264819,"<30%",9591,-20.8833,-47.5833
"Phalotris mertensi",264819,"<30%",9471,-21.7167,-48.0167
"Phalotris mertensi",264819,"<30%",9472,-21.7244,-48.1017
"Phalotris mertensi",264819,"<30%",9473,-22.1167,-47.65
"Phalotris mertensi",264819,"<30%",9474,-20.9,-51.3833
"Phalotris mertensi",264819,"<30%",9475,-23.5,-48.4167
"Phalotris mertensi",264819,"<30%",9476,-22.7833,-48.1167
"Phalotris mertensi",264819,"<30%",9477,-18.6739,-51.8806
"Phalotris mertensi",264819,"<30%",9478,-21.2089,-50.4328
"Phalotris mertensi",264819,"<30%",9479,-23.5,-47.6167
"Phalotris mertensi",264819,"<30%",9480,-21.7944,-48.1756
"Phalotris mertensi",264819,"<30%",9481,-21.8,-48.1667
"Phalotris mertensi",264819,"<30%",9482,-22.5797,-44.6969
"Phalotris mertensi",264819,"<30%",9483,-22.6667,-50.4167
"Phalotris mertensi",264819,"<30%",9484,-22.65,-50.4
"Phalotris mertensi",264819,"<30%",9485,-21.9669,-47.65
"Phalotris mertensi",264819,"<30%",9486,-23.1,-48.9167
"Phalotris mertensi",264819,"<30%",9487,-23.0972,-48.9047
"Phalotris mertensi",264819,"<30%",9488,-22.0744,-48.7403
"Phalotris mertensi",264819,"<30%",9489,-20.4169,-48.8331
"Phalotris mertensi",264819,"<30%",9490,-20.55,-48.5667
"Phalotris mertensi",264819,"<30%",9491,-20.5572,-48.5678
"Phalotris mertensi",264819,"<30%",9492,-23.5,-46.8833
"Phalotris mertensi",264819,"<30%",9493,-22.3167,-49.05
"Phalotris mertensi",264819,"<30%",9494,-22.3147,-49.0606
"Phalotris mertensi",264819,"<30%",9495,-20.95,-48.4833
"Phalotris mertensi",264819,"<30%",9496,-20.9494,-48.4792
"Phalotris mertensi",264819,"<30%",9497,-23.0167,-49.4833
"Phalotris mertensi",264819,"<30%",9498,-21.2886,-50.34
"Phalotris mertensi",264819,"<30%",9499,-23.1,-48.2667
"Phalotris mertensi",264819,"<30%",9500,-23.1,-48.25
"Phalotris mertensi",264819,"<30%",9501,-22.1667,-48.75
"Phalotris mertensi",264819,"<30%",9502,-22.5667,-48.9667
"Phalotris mertensi",264819,"<30%",9503,-22.8904,-48.4553
"Phalotris mertensi",264819,"<30%",9504,-22.8858,-48.445
"Phalotris mertensi",264819,"<30%",9505,-22.8833,-48.4167
"Phalotris mertensi",264819,"<30%",9506,-22.8833,-48.4333
"Phalotris mertensi",264819,"<30%",9507,-22.8833,-48.45
"Phalotris mertensi",264819,"<30%",9508,-22.8833,-48.4833
"Phalotris mertensi",264819,"<30%",9509,-22.2842,-48.1267
"Phalotris mertensi",264819,"<30%",9510,-22.2833,-48.1167
"Phalotris mertensi",264819,"<30%",9511,-23.8,-48.6
"Phalotris mertensi",264819,"<30%",9512,-23.7975,-48.5928
"Phalotris mertensi",264819,"<30%",9513,-21.9281,-47.3686
"Phalotris mertensi",264819,"<30%",9514,-21.2667,-47.3
"Phalotris mertensi",264819,"<30%",9515,-22.9,-47.05
"Phalotris mertensi",264819,"<30%",9516,-22.9667,-47.125
"Phalotris mertensi",264819,"<30%",9517,-22.9056,-47.0608
"Phalotris mertensi",264819,"<30%",9518,-22.825,-47.0833
"Phalotris mertensi",264819,"<30%",9519,-20.454,-54.6257
"Phalotris mertensi",264819,"<30%",9520,-20.9131,-54.2497
"Phalotris mertensi",264819,"<30%",9521,-20.5064,-54.5242
"Phalotris mertensi",264819,"<30%",9522,-23.2419,-47.5656
"Phalotris mertensi",264819,"<30%",9523,-22.7464,-50.3869
"Phalotris mertensi",264819,"<30%",9524,-21.3253,-48.6308
"Phalotris mertensi",264819,"<30%",9525,-24,-48.35
"Phalotris mertensi",264819,"<30%",9647,-23.65,-45.8833
"Phalotris mertensi",264819,"<30%",9645,-22.3917,-47.55
"Phalotris mertensi",264819,"<30%",9646,-20.7719,-47.8381
"Phalotris mertensi",264819,"<30%",9606,-23.0175,-47.5114
"Phalotris mertensi",264819,"<30%",9607,-22.7833,-50.2167
"Phalotris mertensi",264819,"<30%",9608,-23.3833,-48.725
"Phalotris mertensi",264819,"<30%",9609,-23.8931,-55.4308
"Phalotris mertensi",264819,"<30%",9610,-21.4197,-50.0775
"Phalotris mertensi",264819,"<30%",9611,-21.0908,-45.0914
"Phalotris mertensi",264819,"<30%",9612,-20.2336,-50.7831
"Phalotris mertensi",264819,"<30%",9613,-21.1833,-48.9
"Phalotris mertensi",264819,"<30%",9614,-21.1858,-48.9072
"Phalotris mertensi",264819,"<30%",9615,-22.7167,-47.65
"Phalotris mertensi",264819,"<30%",9616,-22.7253,-47.6492
"Phalotris mertensi",264819,"<30%",9617,-23.2,-49.3833
"Phalotris mertensi",264819,"<30%",9660,-20.8167,-49.3833
"Phalotris mertensi",264819,"<30%",9661,-22.7311,-48.5706
"Phalotris mertensi",264819,"<30%",9662,-22.55,-47.9167
"Phalotris mertensi",264819,"<30%",9663,-21.4833,-47.55
"Phalotris mertensi",264819,"<30%",9664,-21.4583,-47.5917
"Phalotris mertensi",264819,"<30%",9665,-21.3167,-47.5667
"Phalotris mertensi",264819,"<30%",9666,-21.3108,-47.5656
"Phalotris mertensi",264819,"<30%",9667,-22.8167,-47.2667
"Phalotris mertensi",264819,"<30%",9668,-21.1167,-48.45
"Phalotris mertensi",264819,"<30%",9669,-21.9169,-48.0497
"Phalotris mertensi",264819,"<30%",9670,-21.4061,-48.5047
"Phalotris mertensi",264819,"<30%",9671,-23.35,-47.85
"Phalotris mertensi",264819,"<30%",9672,-23.1,-47.7167
"Phalotris mertensi",264819,"<30%",9673,-18.6333,-43.7333
"Phalotris mertensi",264819,"<30%",9674,-19.7333,-47.9167
"Phalotris mertensi",264819,"<30%",9675,-19.75,-47.9333
"Phalotris mertensi",264819,"<30%",9676,-18.9167,-48.2833
"Phalotris mertensi",264819,"<30%",9677,-20.9528,-49.1747
"Phalotris mertensi",264819,"<30%",9678,-21.2056,-50.9472
"Phalotris mertensi",264819,"<30%",9679,-23.0117,-47.5269
"Phalotris mertensi",264819,"<30%",9680,-20.8667,-48.2833
"Phalotris mertensi",264819,"<30%",9681,-20.8731,-48.2969
"Phalotris mertensi",264819,"<30%",9682,-23.55,-47.45
"Phalotris mertensi",264819,"<30%",9683,-20.4167,-49.9667
"Phalotris mertensi",264819,"<30%",9684,-19.748,-47.932
"Phalotris mertensi",264819,"<30%",9603,-20.7167,-47.8833
"Phalotris mertensi",264819,"<30%",9604,-22.9833,-49.8667
"Phalotris mertensi",264819,"<30%",9605,-20.6669,-48.5664
"Phalotris mertensi",264819,"<30%",9619,-22,-47.4167
"Phalotris mertensi",264819,"<30%",9620,-21.9961,-47.4258
"Phalotris mertensi",264819,"<30%",9621,-21.9833,-47.4167
"Phalotris mertensi",264819,"<30%",9622,-21.925,-47.3667
"Phalotris mertensi",264819,"<30%",9623,-22.4333,-49.05
"Phalotris mertensi",264819,"<30%",9624,-21,-48.2167
"Phalotris mertensi",264819,"<30%",9625,-21.0094,-48.2217
"Phalotris mertensi",264819,"<30%",9626,-22.5333,-55.7167
"Phalotris mertensi",264819,"<30%",9627,-21.0225,-48.0372
"Phalotris mertensi",264819,"<30%",9628,-23.1833,-48.125
"Phalotris mertensi",264819,"<30%",9629,-23.1758,-48.125
"Phalotris mertensi",264819,"<30%",9630,-23.2167,-47.5167
"Phalotris mertensi",264819,"<30%",9618,-23.1936,-49.3839
"Phalotris mertensi",264819,"<30%",9592,-22.2917,-47.15
"Phalotris mertensi",264819,"<30%",9593,-21.2667,-48.5
"Phalotris mertensi",264819,"<30%",9594,-22.85,-46.0333
"Phalotris mertensi",264819,"<30%",9595,-20.6669,-47.1667
"Phalotris mertensi",264819,"<30%",9596,-22.2833,-47.55
"Phalotris mertensi",264819,"<30%",9597,-21.5081,-48.1511
"Phalotris mertensi",264819,"<30%",9598,-21.7833,-48.5667
"Phalotris mertensi",264819,"<30%",9599,-21.7783,-48.5608
"Phalotris mertensi",264819,"<30%",9600,-22.7833,-47.3
"Phalotris mertensi",264819,"<30%",9601,-21.4683,-49.2206
"Phalotris mertensi",264819,"<30%",9602,-21.4667,-49.2167
"Phalotris mertensi",264819,"<30%",9643,-22.4,-47.5667
"Phalotris mertensi",264819,"<30%",9631,-21.8667,-47.4833
"Phalotris mertensi",264819,"<30%",9635,-21.65,-49.85
"Phalotris mertensi",264819,"<30%",9632,-21.85,-47.4667
"Phalotris mertensi",264819,"<30%",9633,-21.8667,-51.85
"Phalotris mertensi",264819,"<30%",9634,-21.8667,-51.8333
"Phalotris mertensi",264819,"<30%",9639,-24.1,-48.3667
"Phalotris mertensi",264819,"<30%",9636,-21.5367,-49.8581
"Phalotris mertensi",264819,"<30%",9637,-22.2333,-50.9
"Phalotris mertensi",264819,"<30%",9638,-22.4333,-47.4167
"Phalotris mertensi",264819,"<30%",9644,-22.4,-47.55
"Phalotris mertensi",264819,"<30%",9640,-23.7106,-46.4133
"Phalotris mertensi",264819,"<30%",9641,-21.1833,-47.8167
"Phalotris mertensi",264819,"<30%",9642,-21.1667,-47.8
"Phalotris multipunctatus",602,"<30%",9687,-21.8023,-54.5436
"Phalotris multipunctatus",602,"<30%",9686,-22.2451,-48.0635
"Phalotris multipunctatus",602,"<30%",9685,-23.7808,-56.2909
"Philodryas livida",180815,"<30%",9774,-20.4667,-55.8111
"Philodryas livida",180815,"<30%",9773,-22.4692,-48.9875
"Philodryas livida",180815,"<30%",9778,-22.0825,-47.8686
"Philodryas livida",180815,"<30%",9775,-22.9472,-48.8472
"Philodryas livida",180815,"<30%",9776,-22.2667,-47.9167
"Philodryas livida",180815,"<30%",9777,-20.4333,-54.6333
"Philodryas livida",180815,"<30%",9782,-22.5833,-48.8
"Philodryas livida",180815,"<30%",9779,-22.9833,-48.6833
"Philodryas livida",180815,"<30%",9780,-22.25,-47.8167
"Philodryas livida",180815,"<30%",9781,-22.7667,-48.8833
"Philodryas livida",180815,"<30%",9772,-22.7833,-49.2333
"Philodryas livida",180815,"<30%",9785,-18.1917,-52.87
"Philodryas livida",180815,"<30%",9786,-18.1019,-52.9225
"Philodryas livida",180815,"<30%",9787,-18.0564,-52.9408
"Philodryas livida",180815,"<30%",9788,-18.01,-52.9733
"Philodryas livida",180815,"<30%",9789,-17.6644,-53.2172
"Philodryas livida",180815,"<30%",9790,-20.0767,-56.7675
"Philodryas livida",180815,"<30%",9791,-22.7167,-48.5667
"Philodryas livida",180815,"<30%",9783,-22.565,-47.402
"Philodryas livida",180815,"<30%",9784,-18.2514,-52.885
"Philodryas livida",180815,"<30%",9771,-23.7808,-56.2909
"Philodryas mattogrossensis",268162,"<30%",9822,-20.4977,-54.5155
"Philodryas mattogrossensis",268162,"<30%",9819,-20.4095,-54.6166
"Philodryas mattogrossensis",268162,"<30%",9820,-20.9131,-54.2497
"Philodryas mattogrossensis",268162,"<30%",9821,-20.5542,-54.6342
"Philodryas mattogrossensis",268162,"<30%",9813,-20.7833,-52.05
"Philodryas mattogrossensis",268162,"<30%",9814,-22.65,-50.4
"Philodryas mattogrossensis",268162,"<30%",9815,-16.0667,-57.6667
"Philodryas mattogrossensis",268162,"<30%",9812,-18.6333,-48.1833
"Philodryas mattogrossensis",268162,"<30%",9817,-19.75,-48.5667
"Philodryas mattogrossensis",268162,"<30%",9818,-20.4333,-54.6333
"Philodryas mattogrossensis",268162,"<30%",9792,-22.1333,-56.5167
"Philodryas mattogrossensis",268162,"<30%",9816,-19.3833,-51.15
"Philodryas mattogrossensis",268162,"<30%",9794,-23.92,-55.666
"Philodryas mattogrossensis",268162,"<30%",9795,-20.98,-58.3122
"Philodryas mattogrossensis",268162,"<30%",9796,-19.7,-56.6833
"Philodryas mattogrossensis",268162,"<30%",9793,-23.7808,-56.2909
"Philodryas mattogrossensis",268162,"<30%",9811,-20.3,-56.0833
"Philodryas mattogrossensis",268162,"<30%",9825,-20.4549,-54.646
"Philodryas mattogrossensis",268162,"<30%",9826,-20.4186,-54.64
"Philodryas mattogrossensis",268162,"<30%",9827,-20.389,-54.6143
"Philodryas mattogrossensis",268162,"<30%",9828,-20.4192,-54.6506
"Philodryas mattogrossensis",268162,"<30%",9829,-20.4729,-54.6438
"Philodryas mattogrossensis",268162,"<30%",9830,-20.4424,-54.6466
"Philodryas mattogrossensis",268162,"<30%",9831,-20.5263,-54.6234
"Philodryas mattogrossensis",268162,"<30%",9832,-20.4219,-54.5739
"Philodryas mattogrossensis",268162,"<30%",9833,-20.4219,-54.6178
"Philodryas mattogrossensis",268162,"<30%",9834,-20.3836,-54.5603
"Philodryas mattogrossensis",268162,"<30%",9835,-20.0072,-52.9957
"Philodryas mattogrossensis",268162,"<30%",9823,-20.4653,-54.7183
"Philodryas mattogrossensis",268162,"<30%",9824,-20.4617,-54.6122
"Philodryas mattogrossensis",268162,"<30%",9798,-21.0256,-47.3739
"Philodryas mattogrossensis",268162,"<30%",9799,-17.3042,-53.2014
"Philodryas mattogrossensis",268162,"<30%",9800,-23.0375,-55.1944
"Philodryas mattogrossensis",268162,"<30%",9801,-20.4608,-55.7181
"Philodryas mattogrossensis",268162,"<30%",9802,-22.1833,-52.7167
"Philodryas mattogrossensis",268162,"<30%",9803,-20.4667,-55.7833
"Philodryas mattogrossensis",268162,"<30%",9804,-20.4797,-55.7972
"Philodryas mattogrossensis",268162,"<30%",9805,-20.45,-55.4833
"Philodryas mattogrossensis",268162,"<30%",9806,-20.3083,-55.7326
"Philodryas mattogrossensis",268162,"<30%",9807,-20.2833,-56.0667
"Philodryas mattogrossensis",268162,"<30%",9808,-19.7557,-55.8634
"Philodryas mattogrossensis",268162,"<30%",9836,-23.6,-59.56
"Philodryas mattogrossensis",268162,"<30%",9797,-21.8857,-54.1557
"Philodryas mattogrossensis",268162,"<30%",9810,-20.4667,-55.8
"Philodryas mattogrossensis",268162,"<30%",9809,-20.4748,-55.7847
"Physalaemus atim*",452,"<30%",9907,-16.5666,-48.9316
"Physalaemus atim*",452,"<30%",9908,-16.5987,-48.8788
"Physalaemus atim*",452,"<30%",9909,-16.5393,-48.9634
"Physalaemus atim*",452,"<30%",9906,-16.5733,-48.9546
"Physalaemus atim*",452,"<30%",9911,-16.5778,-48.9336
"Physalaemus atim*",452,"<30%",9912,-16.7151,-48.829
"Physalaemus atim*",452,"<30%",9913,-16.6709,-48.8487
"Physalaemus atim*",452,"<30%",9910,-16.6294,-48.7985
"Physalaemus atim*",452,"<30%",9915,-16.4311,-49.1533
"Physalaemus atim*",452,"<30%",9904,-16.3284,-49.1631
"Physalaemus atim*",452,"<30%",9914,-16.6563,-48.8232
"Physalaemus atim*",452,"<30%",9905,-16.5296,-49.139
"Proceratophrys dibernardoi",47509,"<30%",11066,-17.0417,-53.1214
"Proceratophrys dibernardoi",47509,"<30%",11067,-17.6975,-53.4625
"Proceratophrys dibernardoi",47509,"<30%",11068,-18.6633,-51.8714
"Proceratophrys dibernardoi",47509,"<30%",11069,-15.8567,-52.2556
"Proceratophrys dibernardoi",47509,"<30%",11070,-20.3979,-54.586
"Proceratophrys dibernardoi",47509,"<30%",11071,-17.95,-51.7167
"Proceratophrys dibernardoi",47509,"<30%",11072,-17.8808,-51.7139
"Proceratophrys dibernardoi",47509,"<30%",11073,-17.6192,-52.5164
"Proceratophrys dibernardoi",47509,"<30%",11074,-17.8081,-51.3739
"Proceratophrys moratoi",140577,"<30%",11106,-20.263,-49.229
"Proceratophrys moratoi",140577,"<30%",11114,-20.151,-46.654
"Proceratophrys moratoi",140577,"<30%",11115,-18.662,-48.622
"Proceratophrys moratoi",140577,"<30%",11116,-19.831,-47.71
"Proceratophrys moratoi",140577,"<30%",11117,-19,-48.32
"Proceratophrys moratoi",140577,"<30%",11102,-22.2147,-47.9113
"Proceratophrys moratoi",140577,"<30%",11103,-17.5533,-47.8285
"Proceratophrys moratoi",140577,"<30%",11107,-19.01,-49.45
"Proceratophrys moratoi",140577,"<30%",11108,-22.82,-48.88
"Proceratophrys moratoi",140577,"<30%",11109,-18.869,-48.847
"Proceratophrys moratoi",140577,"<30%",11110,-14.688,-52.422
"Proceratophrys moratoi",140577,"<30%",11111,-18.76,-50.61
"Proceratophrys moratoi",140577,"<30%",11112,-19.339,-47.284
"Proceratophrys moratoi",140577,"<30%",11113,-22.0167,-47.9392
"Proceratophrys moratoi",140577,"<30%",11098,-22.89,-48.95
"Proceratophrys moratoi",140577,"<30%",11099,-22.3467,-49.0156
"Proceratophrys moratoi",140577,"<30%",11100,-22.8833,-48.5
"Proceratophrys moratoi",140577,"<30%",11101,-22.8878,-48.5064
"Proceratophrys moratoi",140577,"<30%",11104,-18.648,-49.155
"Proceratophrys moratoi",140577,"<30%",11105,-19.725,-49.196
"Pseudopaludicola atragula*",10636,"<30%",11171,-20.3419,-49.1947
"Pseudopaludicola atragula*",10636,"<30%",11172,-19.1369,-51.1125
"Pseudopaludicola atragula*",10636,"<30%",11173,-19.0883,-51.2769
"Pseudopaludicola atragula*",10636,"<30%",11174,-19.0956,-51.0864
"Pseudopaludicola atragula*",10636,"<30%",11175,-21.0817,-49.5197
"Pseudopaludicola coracoralinae*",605,"<30%",11176,-16.7831,-49.8672
"Pseudopaludicola coracoralinae*",605,"<30%",11177,-15.8467,-49.8642
"Pseudopaludicola facureae*",38328,"<30%",11192,-18.9452,-48.267
"Pseudopaludicola facureae*",38328,"<30%",11179,-18.6482,-49.155
"Pseudopaludicola facureae*",38328,"<30%",11180,-18.4942,-49.1408
"Pseudopaludicola facureae*",38328,"<30%",11181,-15.3175,-49.1175
"Pseudopaludicola facureae*",38328,"<30%",11182,-19.5287,-50.5238
"Pseudopaludicola facureae*",38328,"<30%",11183,-19.4,-50.767
"Pseudopaludicola facureae*",38328,"<30%",11184,-19.2644,-50.7819
"Pseudopaludicola facureae*",38328,"<30%",11185,-18.5565,-48.9965
"Pseudopaludicola facureae*",38328,"<30%",11187,-17.3028,-49.0167
"Pseudopaludicola facureae*",38328,"<30%",11188,-19.1988,-50.5961
"Pseudopaludicola facureae*",38328,"<30%",11189,-18.6624,-48.6218
"Pseudopaludicola facureae*",38328,"<30%",11190,-18.7739,-48.6092
"Pseudopaludicola facureae*",38328,"<30%",11191,-18.975,-48.2906
"Pseudopaludicola facureae*",38328,"<30%",11178,-19.7157,-50.5941
"Pseudopaludicola facureae*",38328,"<30%",11186,-16.8467,-49.8642
"Scinax canastrensis",20876,"<30%",12303,-20.8636,-46.3881
"Scinax canastrensis",20876,"<30%",12304,-19.5933,-46.9406
"Scinax canastrensis",20876,"<30%",12305,-20.0064,-45.9769
"Scinax canastrensis",20876,"<30%",12321,-19.9172,-46.1186
"Scinax canastrensis",20876,"<30%",12322,-20.3267,-46.3661
"Scinax canastrensis",20876,"<30%",12308,-20.5666,-46.1261
"Scinax canastrensis",20876,"<30%",12309,-20.3439,-46.8539
"Scinax canastrensis",20876,"<30%",12310,-20.6436,-46.2652
"Scinax canastrensis",20876,"<30%",12311,-20.2065,-47.4384
"Scinax canastrensis",20876,"<30%",12312,-19,-47.1667
"Scinax canastrensis",20876,"<30%",12313,-19.2075,-47.142
"Scinax canastrensis",20876,"<30%",12314,-19.6,-44.95
"Scinax canastrensis",20876,"<30%",12315,-19.8569,-47.1767
"Scinax canastrensis",20876,"<30%",12316,-20.2455,-46.3655
"Scinax canastrensis",20876,"<30%",12317,-20.25,-46.5
"Scinax canastrensis",20876,"<30%",12318,-20.187,-46.5135
"Scinax canastrensis",20876,"<30%",12306,-19.6961,-46.1714
"Scinax canastrensis",20876,"<30%",12307,-19.6685,-45.9537
"Scinax canastrensis",20876,"<30%",12320,-19.1114,-46.6897
"Scinax canastrensis",20876,"<30%",12319,-20.3306,-46.4725
"Scinax maracaya",4052,"<30%",12413,-20.6667,-46.2667
"Scinax maracaya",4052,"<30%",12415,-20.0741,-43.9039
"Scinax maracaya",4052,"<30%",12416,-20.2,-43.9666
"Scinax maracaya",4052,"<30%",12417,-20.187,-46.5135
"Scinax maracaya",4052,"<30%",12418,-20.2432,-46.4463
"Scinax maracaya",4052,"<30%",12414,-20.2309,-43.8524
"Thylamys velutinus",267113,"<30%",13145,-21.9333,-47.3667
"Thylamys velutinus",267113,"<30%",13146,-14,-47.5667
"Thylamys velutinus",267113,"<30%",13147,-22.4167,-47.6167
"Thylamys velutinus",267113,"<30%",13148,-15.9333,-47.85
"Thylamys velutinus",267113,"<30%",13149,-15.8759,-47.8757
"Thylamys velutinus",267113,"<30%",13150,-19.6272,-43.8897
"Thylamys velutinus",267113,"<30%",13151,-18.2667,-52.8833
"Thylamys velutinus",267113,"<30%",13152,-21.5833,-44.5667
"Trilepida koppesi",307999,"<30%",13241,-18.6739,-51.8806
"Trilepida koppesi",307999,"<30%",13242,-22.2842,-48.1267
"Trilepida koppesi",307999,"<30%",13243,-17.74,-48.63
"Trilepida koppesi",307999,"<30%",13244,-18.9697,-56.6386
"Trilepida koppesi",307999,"<30%",13245,-20.3833,-51.4667
"Trilepida koppesi",307999,"<30%",13246,-22.2528,-47.8228
"Trilepida koppesi",307999,"<30%",13247,-22.2167,-47.8833
"Trilepida koppesi",307999,"<30%",13248,-16.25,-47.95
"Trilepida koppesi",307999,"<30%",13249,-17.5694,-52.5511
"Trilepida koppesi",307999,"<30%",13250,-18.25,-52.8833
"Trilepida koppesi",307999,"<30%",13251,-17.57,-52.55
"Trilepida koppesi",307999,"<30%",13252,-22.3722,-46.9422
"Trilepida koppesi",307999,"<30%",13253,-19.6772,-51.1908
"Trilepida koppesi",307999,"<30%",13254,-21.9833,-47.4167
"Trilepida koppesi",307999,"<30%",13255,-22.1167,-51.3833
"Trilepida koppesi",307999,"<30%",13256,-15.866,-56.077
"Trilepida koppesi",307999,"<30%",13257,-17.6182,-54.8278
"Trilepida koppesi",307999,"<30%",13258,-20.4422,-54.8603
