NAME,ORIG_NAME,DESIG,DESIG_ENG,DESIG_TYPE,IUCN_CAT,REP_AREA,GIS_AREA,STATUS,STATUS_YR,SUB_LOC,PARENT_ISO,ISO3
Noel Kempff Mercado,Noel Kempff Mercado,Parque Nacional,National Park,National,II,16467.56178,16269.04796,Designated,1979,BO-B;BO-S,BOL,BOL
Parque Nacional Do Araguaia,Parque Nacional Do Araguaia,Parque,Park,National,II,5554.78,5589.366596,Designated,1959,BR-TO,BRA,BRA
Parque Nacional Da Chapada Dos Veadeiros,Parque Nacional Da Chapada Dos Veadeiros,Parque,Park,National,II,2405.84,2420.175378,Designated,1961,BR-GO,BRA,BRA
Parque Nacional Das Emas,Parque Nacional Das Emas,Parque,Park,National,II,1327.84,1335.074233,Designated,1961,BR-GO,BRA,BRA
Parque Nacional Da Serra Da Canastra,Parque Nacional Da Serra Da Canastra,Parque,Park,National,II,1979.73,1989.857966,Designated,1972,BR-MG,BRA,BRA
Parque Nacional De Brasília,Parque Nacional De Brasília,Parque,Park,National,II,423.555,425.9967165,Designated,1961,"BR-DF, GO",BRA,BRA
Estação Ecológica De Uruçuí-Una,Estação Ecológica De Uruçuí-Una,Estação Ecológica,Ecological Station,National,Ia,1351.25,1359.935201,Designated,1981,BR-PI,BRA,BRA
Parque Estadual De Vassununga,Parque Estadual De Vassununga,Parque,Park,National,II,20.6537,20.75470518,Designated,1970,BR-SP,BRA,BRA
Parque Estadual Serra Das Araras,Parque Estadual Serra Das Araras,Parque,Park,National,II,135.532,136.3171553,Designated,1998,BR-MG,BRA,BRA
Área De Relevante Interesse Ecológica Capetinga/Taquara,Área De Relevante Interesse Ecológica Capetinga/Taquara,Área de Relevante Interesse Ecológico,Area of Relevant Ecological Interest,National,IV,20.5719,20.69008072,Designated,1985,BR-DF,BRA,BRA
Estação Ecológica De Pirapitinga,Estação Ecológica De Pirapitinga,Estação Ecológica,Ecological Station,National,Ia,13.8449,13.9196993,Designated,1987,BR-MG,BRA,BRA
Parque Nacional Grande Sertão Veredas,Parque Nacional Grande Sertão Veredas,Parque,Park,National,II,2308.51,2321.969489,Designated,1989,BR-MG,BRA,BRA
Parque Nacional Da Chapada Dos Guimarães,Parque Nacional Da Chapada Dos Guimarães,Parque,Park,National,II,326.466,328.3567153,Designated,1989,BR-MT,BRA,BRA
Estação Ecológica De Águas Emendadas,Estação Ecológica De Águas Emendadas,Estação Ecológica,Ecological Station,National,Ia,91.8079,92.33791247,Designated,1968,BR-DF,BRA,BRA
Estação Ecológica De Bauru,Estação Ecológica De Bauru,Estação Ecológica,Ecological Station,National,Ia,2.80654,2.820051257,Designated,1961,BR-SP,BRA,BRA
Estação Ecológica Ibicatu,Estação Ecológica Ibicatu,Estação Ecológica,Ecological Station,National,Ia,0.816686,0.820543057,Designated,1958,BR-SP,BRA,BRA
Estação Ecológica De Itirapina,Estação Ecológica De Itirapina,Estação Ecológica,Ecological Station,National,Ia,22.0571,22.16330504,Designated,1984,BR-SP,BRA,BRA
Estação Ecológica Jataí,Estação Ecológica Jataí,Estação Ecológica,Ecological Station,National,Ia,90.0011,90.44354596,Designated,1982,BR-SP,BRA,BRA
Estação Ecológica De Ribeirão Preto,Estação Ecológica De Ribeirão Preto,Estação Ecológica,Ecological Station,National,Ia,1.53947,1.547130698,Designated,1982,BR-SP,BRA,BRA
Estação Ecológica De Santa Bárbara,Estação Ecológica De Santa Bárbara,Estação Ecológica,Ecological Station,National,Ia,31.6445,31.79371305,Designated,1984,BR-SP,BRA,BRA
Parque Estadual Da Serra De Caldas Novas,Parque Estadual Da Serra De Caldas Novas,Parque,Park,National,II,121.587,122.2541569,Designated,1970,BR-GO,BRA,BRA
Parque Nacional Da Serra Do Cipó,Parque Nacional Da Serra Do Cipó,Parque,Park,National,II,316.391,318.0548599,Designated,1984,BR-MG,BRA,BRA
Reserva Biológica Do Guará,Reserva Biológica Do Guará,Reserva Biológica,Biological Reserve,National,Ia,1.45369,1.462040592,Designated,1988,BR-DF,BRA,BRA
Estação Ecológica De Itapeva,Estação Ecológica De Itapeva,Estação Ecológica,Ecological Station,National,Ia,0.992319,0.996783167,Designated,1985,BR-SP,BRA,BRA
Parque Estadual De Águas Quentes,Parque Estadual De Águas Quentes,Parque,Park,National,II,15.068,15.15438959,Designated,1978,BR-MT,BRA,BRA
Reserva Biológica Culuene,Reserva Biológica Culuene,Reserva Biológica,Biological Reserve,National,Ia,36.1367,36.35220293,Designated,1989,BR-MT,BRA,BRA
Arie Paranoá Sul,Arie Paranoá Sul,Área de Relevante Interesse Ecológico,Area of Relevant Ecological Interest,National,IV,0.398563,0.400852823,Designated,1988,BR-DF,BRA,BRA
Estação Ecológica Do Jardim Botânico,Estação Ecológica Do Jardim Botânico,Estação Ecológica,Ecological Station,National,Ia,45.0249,45.28289453,Designated,1992,BR-DF,BRA,BRA
Estação Ecológica Itaberá,Estação Ecológica Itaberá,Estação Ecológica,Ecological Station,National,Ia,1.77839,1.786470401,Designated,1957,BR-SP,BRA,BRA
Estação Ecológica Mata Do Jacaré,Estação Ecológica Mata Do Jacaré,Estação Ecológica,Ecological Station,National,Ia,0.826882,0.830882315,Designated,1961,BR-SP,BRA,BRA
Parque Estadual Serra Santa Bárbara,Parque Estadual Serra Santa Bárbara,Parque,Park,National,II,1204.32,1211.379501,Designated,1997,BR-MT,BRA,BRA
Parque Estadual Serra Ricardo Franco,Parque Estadual Serra Ricardo Franco,Parque,Park,National,II,1578.34,1587.65794,Designated,1997,BR-MT,BRA,BRA
Área De Relevante Interesse Ecológica Matão De Cosmópolis,Área De Relevante Interesse Ecológica Matão De Cosmópolis,Área de Relevante Interesse Ecológico,Area of Relevant Ecological Interest,National,IV,1.73088,1.739098587,Designated,1985,BR-SP,BRA,BRA
Parque Nacional Serra Das Confusões,Parque Nacional Serra Das Confusões,Parque,Park,National,II,8238.38,8291.280139,Designated,1998,BR-PI,BRA,BRA
Serrania San Luis,San Luis,Parque Nacional - Publico,National Park,National,II,102.8255,107.50087,Designated,1991,PY-1,PRY,PRY
Paso Bravo,Paso Bravo,Parque Nacional - Publico,National Park,National,II,1100.1995,941.3440701,Designated,1998,PY-1,PRY,PRY
Área De Relevante Interesse Ecológica Pé-De-Gigante,Área De Relevante Interesse Ecológica Pé-De-Gigante,Área de Relevante Interesse Ecológico,Area of Relevant Ecological Interest,National,IV,11.9905,12.04931822,Designated,1990,BR-SP,BRA,BRA
Parque Nacional Da Serra Da Bodoquena,Parque Nacional Da Serra Da Bodoquena,Parque,Park,National,II,769.755,773.6048537,Designated,2000,BR-MS,BRA,BRA
Parque Nacional Das Sempre Vivas,Parque Nacional Das Sempre Vivas,Parque,Park,National,II,1241.55,1248.356557,Designated,2002,BR-MG,BRA,BRA
Parque Nacional Cavernas Do Peruaçu,Parque Nacional Cavernas Do Peruaçu,Parque,Park,National,II,564.484,567.774352,Designated,1999,BR-MG,BRA,BRA
Refugio De Vida Silvestre Veredas Do Oeste Baiano,Refugio De Vida Silvestre Veredas Do Oeste Baiano,Refugio de Vida Silvestre,Wildlife Refuge,National,III,1280.49,1288.110462,Designated,2002,BR-BA,BRA,BRA
Estacao Ecologica Serra Geral Do Tocantins,Estacao Ecologica Serra Geral Do Tocantins,Estação Ecológica,Ecological Station,National,Ia,7070.85,7115.165382,Designated,2001,"BR-BA, TO",BRA,BRA
Parque Nacional Das Nascentes Do Rio Parnaiba,Parque Nacional Das Nascentes Do Rio Parnaiba,Parque,Park,National,II,7497.66,7545.214882,Designated,2002,"BR-BA, TO, MA, PI",BRA,BRA
Reserva Biológica Da Contagem,Reserva Biológica Da Contagem,Reserva Biológica,Biological Reserve,National,Ia,34.1171,34.31379838,Designated,2002,BR-DF,BRA,BRA
Parque Nacional Da Chapada Das Mesas,Parque Nacional Da Chapada Das Mesas,Parque,Park,National,II,1599.52,1609.974314,Designated,2005,BR-MA,BRA,BRA
Parque Nacional Dos Campos Gerais,Parque Nacional Dos Campos Gerais,Parque,Park,National,II,212.989,213.9094958,Designated,2006,BR-PR,BRA,BRA
Área De Relevante Interesse Ecológico Águas De São João,Área De Relevante Interesse Ecológico Águas De São João,Área de Relevante Interesse Ecológico,Area of Relevant Ecological Interest,National,IV,0.245284,0.24669743,Designated,2000,BR-GO,BRA,BRA
Estação Ecológica De Acauã,Estação Ecológica De Acauã,Estação Ecológica,Ecological Station,National,Ia,64.5512,64.91091418,Designated,1974,BR-MG,BRA,BRA
Estação Ecológica De Angatuba,Estação Ecológica De Angatuba,Estação Ecológica,Ecological Station,National,Ia,13.6289,13.69177621,Designated,1985,BR-SP,BRA,BRA
Estação Ecológica De Assis,Estação Ecológica De Assis,Estação Ecológica,Ecological Station,National,Ia,17.4775,17.56001926,Designated,1992,BR-SP,BRA,BRA
Estação Ecológica De Mogi-Guaçu,Estação Ecológica De Mogi-Guaçu,Estação Ecológica,Ecological Station,National,Ia,9.88249,9.929983566,Designated,1984,BR-SP,BRA,BRA
Estação Ecológica De Paranapanema,Estação Ecológica De Paranapanema,Estação Ecológica,Ecological Station,National,Ia,6.34524,6.374408842,Designated,1993,BR-SP,BRA,BRA
Estação Ecológica De Santa Maria,Estação Ecológica De Santa Maria,Estação Ecológica,Ecological Station,National,Ia,13.1213,13.1862788,Designated,1985,BR-SP,BRA,BRA
Parque Estadual Águas Do Cuiabá,Parque Estadual Águas Do Cuiabá,Parque,Park,National,II,109.62,110.2694893,Designated,2002,BR-MT,BRA,BRA
Parque Estadual Altamiro De Moura Pacheco,Parque Estadual Altamiro De Moura Pacheco,Parque,Park,National,II,31.3942,31.57160335,Designated,1993,BR-GO,BRA,BRA
Parque Estadual Mãe Bonifácia,Parque Estadual Mãe Bonifácia,Parque,Park,National,II,0.772114,0.776569264,Designated,2000,BR-MT,BRA,BRA
Parque Estadual Das Nascentes Do Rio Taquari,Parque Estadual Das Nascentes Do Rio Taquari,Parque,Park,National,II,305.974,307.6385583,Designated,1999,BR-MS,BRA,BRA
Parque Estadual Serra Azul,Parque Estadual Serra Azul,Parque,Park,National,II,110.066,110.6983367,Designated,1994,BR-MT,BRA,BRA
Parque Estadual Da Serra Dourada,Parque Estadual Da Serra Dourada,Parque,Park,National,II,286.438,288.0738262,Designated,2003,BR-GO,BRA,BRA
Parque Estadual De Paraúna,Parque Estadual De Paraúna,Parque,Park,National,II,33.3515,33.53804221,Designated,2002,BR-GO,BRA,BRA
Parque Estadual De Terra Ronca,Parque Estadual De Terra Ronca,Parque,Park,National,II,569.824,573.2412195,Designated,1989,BR-GO,BRA,BRA
Parque Estadual Do Araguaia,Parque Estadual Do Araguaia,Parque,Park,National,II,46.6272,46.90971622,Designated,2002,BR-GO,BRA,BRA
Parque Estadual Do Cantão,Parque Estadual Do Cantão,Parque,Park,National,II,1004.12,1010.51158,Designated,1998,BR-TO,BRA,BRA
Parque Estadual Do Guartelá,Parque Estadual Do Guartelá,Parque,Park,National,II,7.87793,7.912667862,Designated,1996,BR-PR,BRA,BRA
Parque Estadual Do Jalapão,Parque Estadual Do Jalapão,Parque,Park,National,II,1589.71,1599.73785,Designated,2001,BR-TO,BRA,BRA
Parque Estadual Do Lajeado,Parque Estadual Do Lajeado,Parque,Park,National,II,107.502,108.1832689,Designated,2001,BR-TO,BRA,BRA
Parque Estadual Do Prosa,Parque Estadual Do Prosa,Parque,Park,National,II,1.33482,1.341618542,Designated,2002,BR-MS,BRA,BRA
Parque Estadual Matas Do Segredo,Parque Estadual Matas Do Segredo,Parque,Park,National,II,1.77444,1.783495498,Designated,2000,BR-MS,BRA,BRA
Parque Estadual Dom Osório Stoffel,Parque Estadual Dom Osório Stoffel,Parque,Park,National,II,64.2063,64.56859863,Designated,2002,BR-MT,BRA,BRA
Parque Estadual Dos Pirineus,Parque Estadual Dos Pirineus,Parque,Park,National,II,28.3748,28.53774713,Designated,1987,BR-GO,BRA,BRA
Parque Estadual Das Furnas Do Bom Jesus,Parque Estadual Das Furnas Do Bom Jesus,Parque,Park,National,II,20.631,20.73688037,Designated,1989,BR-SP,BRA,BRA
Parque Estadual Grão Mogol,Parque Estadual Grão Mogol,Parque,Park,National,II,283.907,285.5155309,Designated,1998,BR-MG,BRA,BRA
Parque Estadual Rio Preto,Parque Estadual Rio Preto,Parque,Park,National,II,121.849,122.5111577,Designated,1994,BR-MG,BRA,BRA
Parque Estadual Do Sumidouro,Parque Estadual Do Sumidouro,Parque,Park,National,II,20.0569,20.16189445,Designated,1980,BR-MG,BRA,BRA
Parque Estadual Veredas Do Peruaçu,Parque Estadual Veredas Do Peruaçu,Parque,Park,National,II,312.5,314.3245211,Designated,1994,BR-MG,BRA,BRA
Refúgio De Vida Silvestre Corixão Da Mata Azul,Refúgio De Vida Silvestre Corixão Da Mata Azul,Refugio de Vida Silvestre,Wildlife Refuge,National,III,357.082,359.3886619,Designated,2001,BR-MT,BRA,BRA
Arie Do Bosque,Arie Do Bosque,Área de Relevante Interesse Ecológico,Area of Relevant Ecological Interest,National,IV,0.195399,0.196520318,Designated,2001,BR-DF,BRA,BRA
Reserva Biológica Do Cerradão,Reserva Biológica Do Cerradão,Reserva Biológica,Biological Reserve,National,Ia,0.539152,0.542246925,Designated,1998,BR-DF,BRA,BRA
Arie Parque Jk,Arie Parque Jk,Área de Relevante Interesse Ecológico,Area of Relevant Ecological Interest,National,IV,29.8673,30.03863255,Designated,1996,BR-DF,BRA,BRA
Arie Da Granja Do Ipê,Arie Da Granja Do Ipê,Área de Relevante Interesse Ecológico,Area of Relevant Ecological Interest,National,IV,11.4126,11.47798624,Designated,1998,BR-DF,BRA,BRA
Arie Santuário De Vida Silvestre Do Riacho Fundo,Arie Santuário De Vida Silvestre Do Riacho Fundo,Área de Relevante Interesse Ecológico,Area of Relevant Ecological Interest,National,IV,4.77251,4.799887212,Designated,1988,BR-DF,BRA,BRA
Arie Dom Bosco,Arie Dom Bosco,Área de Relevante Interesse Ecológico,Area of Relevant Ecological Interest,National,IV,0.725592,0.729759016,Designated,2000,BR-DF,BRA,BRA
Arie Do Córrego Mato Grande,Arie Do Córrego Mato Grande,Área de Relevante Interesse Ecológico,Area of Relevant Ecological Interest,National,IV,1.31948,1.327043662,Designated,2004,BR-DF,BRA,BRA
Arie Do Torto,Arie Do Torto,Área de Relevante Interesse Ecológico,Area of Relevant Ecological Interest,National,IV,2.08938,2.101407813,Designated,2006,BR-DF,BRA,BRA
Arie Cruls,Arie Cruls,Área de Relevante Interesse Ecológico,Area of Relevant Ecological Interest,National,IV,0.549653,0.552827018,Designated,2008,BR-DF,BRA,BRA
Arie Da Vila Estrutural,Arie Da Vila Estrutural,Área de Relevante Interesse Ecológico,Area of Relevant Ecological Interest,National,IV,0.442272,0.444814765,Designated,2007,BR-DF,BRA,BRA
Arie Do Córrego Cabeceira Do Valo,Arie Do Córrego Cabeceira Do Valo,Área de Relevante Interesse Ecológico,Area of Relevant Ecological Interest,National,IV,0.624129,0.627720908,Designated,2007,BR-DF,BRA,BRA
Estação Ecológica Do Rio Preto,Estação Ecológica Do Rio Preto,Estação Ecológica,Ecological Station,National,Ia,48.7942,49.10638494,Designated,2005,BR-BA,BRA,BRA
Monumento Natural Das Árvores Fossilizadas,Monumento Natural Das Árvores Fossilizadas,Monumento Natural,Natural Monument,National,III,292.446,294.3519819,Designated,2000,BR-TO,BRA,BRA
Estação Ecológica Do Barreiro Rico,Estação Ecológica Do Barreiro Rico,Estação Ecológica,Ecological Station,National,Ia,2.97269,2.986734675,Designated,2006,BR-SP,BRA,BRA
Parque Estadual Do Descoberto,Parque Estadual Do Descoberto,Parque,Park,National,II,19.3261,19.43729848,Designated,2005,BR-GO,BRA,BRA
Parque Estadual Campos Altos,Parque Estadual Campos Altos,Parque,Park,National,II,7.82725,7.868010975,Designated,2004,BR-MG,BRA,BRA
Parque Estadual Da Lapa Grande,Parque Estadual Da Lapa Grande,Parque,Park,National,II,153.731,154.5963462,Designated,2006,BR-MG,BRA,BRA
Parque Estadual Serra Nova E Talhado,Parque Estadual Serra Nova E Talhado,Parque,Park,National,II,498.561,501.4272444,Designated,2003,BR-MG,BRA,BRA
Parque Estadual Serra Do Intendente,Parque Estadual Serra Do Intendente,Parque,Park,National,II,135.122,135.8395007,Designated,2007,BR-MG,BRA,BRA
Parque Estadual Da Serra Do Cabral,Parque Estadual Da Serra Do Cabral,Parque,Park,National,II,224.445,225.6751477,Designated,2005,BR-MG,BRA,BRA
Reserva Biológica Do Rio Descoberto,Reserva Biológica Do Rio Descoberto,Reserva Biológica,Biological Reserve,National,Ia,4.34076,4.365722256,Designated,2005,BR-DF,BRA,BRA
Parque Estadual Pau Furado,Parque Estadual Pau Furado,Parque,Park,National,II,21.8554,21.97217943,Designated,2007,BR-MG,BRA,BRA
Parque Estadual De Montezuma,Parque Estadual De Montezuma,Parque,Park,National,II,17.4143,17.51568616,Designated,2007,BR-MG,BRA,BRA
Parque Estadual Caminho Dos Gerais,Parque Estadual Caminho Dos Gerais,Parque,Park,National,II,562.163,565.4398172,Designated,2007,BR-MG,BRA,BRA
Parque Estadual Serra Verde,Parque Estadual Serra Verde,Parque,Park,National,II,1.42089,1.428280863,Designated,2007,BR-MG,BRA,BRA
Reserva Biológica Do Gama,Reserva Biológica Do Gama,Reserva Biológica,Biological Reserve,National,Ia,5.36754,5.398221467,Designated,1988,BR-DF,BRA,BRA
Monumento Natural Do Rio Formoso,Monumento Natural Do Rio Formoso,Monumento Natural,Natural Monument,National,III,0.183512,0.184428166,Designated,2003,BR-MS,BRA,BRA
Monumento Natural Da Gruta Do Lago Azul,Monumento Natural Da Gruta Do Lago Azul,Monumento Natural,Natural Monument,National,III,2.38669,2.398605502,Designated,2001,BR-MS,BRA,BRA
Estação Ecológica Da Serra Das Araras,Estação Ecológica Da Serra Das Araras,Estação Ecológica,Ecological Station,National,Ia,271.595,273.1618696,Designated,1982,BR-MT,BRA,BRA
Parque Estadual Serra Do Sobrado,Parque Estadual Serra Do Sobrado,Parque,Park,National,II,3.83807,3.85809277,Designated,2010,BR-MG,BRA,BRA
Estação Ecológica De Avaré,Estação Ecológica De Avaré,Estação Ecológica,Ecological Station,National,Ia,7.20085,7.234524207,Designated,2010,BR-SP,BRA,BRA
Parque Estadual Do Limoeiro,Parque Estadual Do Limoeiro,Parque,Park,National,II,20.0932,20.19827729,Designated,2011,BR-MG,BRA,BRA
Reserva Particular Do Patrimônio Natural Cara Da Onça,Reserva Particular Do Patrimônio Natural Cara Da Onça,Reserva Particular do Patrimônio Natural,Natural Heritage Private Reserve,National,IV,0.117032,0.117622627,Designated,2009,BR-MS,BRA,BRA
Reserva Particular Do Patrimônio Natural Xodó Do Vô Ruy,Reserva Particular Do Patrimônio Natural Xodó Do Vô Ruy,Reserva Particular do Patrimônio Natural,Natural Heritage Private Reserve,National,IV,4.87785,4.901640017,Designated,2006,BR-MS,BRA,BRA
Refúgio Estadual De Vida Silvestre Libélulas Da Serra De São José,Refúgio Estadual De Vida Silvestre Libélulas Da Serra De São José,Refugio de Vida Silvestre,Wildlife Refuge,National,III,37.1205,37.30604663,Designated,2004,BR-MG,BRA,BRA
Monumento Natural Estadual Vargem Da Pedra,Monumento Natural Estadual Vargem Da Pedra,Monumento Natural,Natural Monument,National,III,0.101034,0.101562637,Designated,2010,BR-MG,BRA,BRA
Reserva Particular Do Patrimônio Natural Vale Do Sol Ii,Reserva Particular Do Patrimônio Natural Vale Do Sol Ii,Reserva Particular do Patrimônio Natural,Natural Heritage Private Reserve,National,IV,4.99949,5.024474585,Designated,2011,BR-MS,BRA,BRA
Parque Estadual Vale Do Códo,Parque Estadual Vale Do Códo,Parque,Park,National,II,8.6326,8.671054996,Designated,2007,BR-PR,BRA,BRA
Reserva Particular Do Patrimônio Natural Cachoeiras Do São Bento,Reserva Particular Do Patrimônio Natural Cachoeiras Do São Bento,Reserva Particular do Patrimônio Natural,Natural Heritage Private Reserve,National,IV,30.3523,30.51739685,Designated,2010,BR-MS,BRA,BRA
Parque Estadual Zé Bolo Flô,Parque Estadual Zé Bolo Flô,Parque,Park,National,II,0.516844,0.519822016,Designated,2000,BR-MT,BRA,BRA
Monumento Natural Canyons E Corredeiras Do Rio Sono,Monumento Natural Canyons E Corredeiras Do Rio Sono,Monumento Natural,Natural Monument,National,III,14.576,14.66819901,Designated,2012,BR-TO,BRA,BRA
Reserva Particular Do Patrimônio Natural Fazenda São Geraldo,Reserva Particular Do Patrimônio Natural Fazenda São Geraldo,Reserva Particular do Patrimônio Natural,Natural Heritage Private Reserve,National,IV,6.77414,6.807810491,Designated,1999,BR-MS,BRA,BRA
Reserva Particular Do Patrimônio Natural Douradinho,Reserva Particular Do Patrimônio Natural Douradinho,Reserva Particular do Patrimônio Natural,Natural Heritage Private Reserve,National,IV,9.78828,9.836617089,Designated,2003,BR-MS,BRA,BRA
Parque Estadual Cerca Grande,Parque Estadual Cerca Grande,Parque,Park,National,II,1.34263,1.349662318,Designated,2010,BR-MG,BRA,BRA
Monumento Natural Experiência Da Jaguara,Monumento Natural Experiência Da Jaguara,Monumento Natural,Natural Monument,National,III,0.385019,0.387038065,Designated,2010,BR-MG,BRA,BRA
Parque Estadual De Paracatu,Parque Estadual De Paracatu,Parque,Park,National,II,63.9786,64.33548216,Designated,2011,BR-MG,BRA,BRA
Reserva Particular Do Patrimônio Natural Cabeceira Do Prata,Reserva Particular Do Patrimônio Natural Cabeceira Do Prata,Reserva Particular do Patrimônio Natural,Natural Heritage Private Reserve,National,IV,2.92077,2.935147932,Designated,1999,BR-MS,BRA,BRA
Monumento Natural Estadual Várzea Da Lapa,Monumento Natural Estadual Várzea Da Lapa,Monumento Natural,Natural Monument,National,III,0.235442,0.236673521,Designated,2010,BR-MG,BRA,BRA
Reserva Particular Do Patrimônio Natural Rancho Tucano,Reserva Particular Do Patrimônio Natural Rancho Tucano,Reserva Particular do Patrimônio Natural,Natural Heritage Private Reserve,National,IV,0.298705,0.300196652,Designated,2011,BR-MS,BRA,BRA
Reserva Particular Do Patrimônio Natural Cabeceira Da Lagoa,Reserva Particular Do Patrimônio Natural Cabeceira Da Lagoa,Reserva Particular do Patrimônio Natural,Natural Heritage Private Reserve,National,IV,4.31024,4.332698635,Designated,2011,BR-MS,BRA,BRA
Monumento Natural Estadual Gruta Rei Do Mato,Monumento Natural Estadual Gruta Rei Do Mato,Monumento Natural,Natural Monument,National,III,1.40644,1.413810239,Designated,1984,BR-MG,BRA,BRA
Reserva Particular Do Patrimônio Natural Ponte De Pedra,Reserva Particular Do Patrimônio Natural Ponte De Pedra,Reserva Particular do Patrimônio Natural,Natural Heritage Private Reserve,National,IV,1.71809,1.727193526,Designated,2004,BR-MS,BRA,BRA
Monumento Natural Estadual Peter Lund,Monumento Natural Estadual Peter Lund,Monumento Natural,Natural Monument,National,III,0.729507,0.733369465,Designated,2005,BR-MG,BRA,BRA
Monumento Natural Do Conjunto Espeleológico Do Morro Da Pedreira,Monumento Natural Do Conjunto Espeleológico Do Morro Da Pedreira,Monumento Natural,Natural Monument,National,III,0.905532,0.910765949,Designated,2010,BR-DF,BRA,BRA
Reserva Particular Do Patrimônio Natural Poleiro Grande,Reserva Particular Do Patrimônio Natural Poleiro Grande,Reserva Particular do Patrimônio Natural,Natural Heritage Private Reserve,National,IV,165.402,166.3198262,Designated,1998,BR-MS,BRA,BRA
Reserva Particular Do Patrimônio Natural Reserva Ecológica Vale Do Bugio,Reserva Particular Do Patrimônio Natural Reserva Ecológica Vale Do Bugio,Reserva Particular do Patrimônio Natural,Natural Heritage Private Reserve,National,IV,0.966933,0.971935007,Designated,2003,BR-MS,BRA,BRA
Rppn Toca Da Paca,Rppn Toca Da Paca,Reserva Particular do Patrimônio Natural,Natural Heritage Private Reserve,National,IV,1.87354,1.882801855,Designated,2008,BR-SP,BRA,BRA
Parque Estadual Do Araguaiaa,Parque Estadual Do Araguaiaa,Parque,Park,National,II,2299.18,2313.285263,Designated,2001,BR-MT,BRA,BRA
Monumento Natural Estadual De Santo Antônio,Monumento Natural Estadual De Santo Antônio,Monumento Natural,Natural Monument,National,III,0.311424,0.313056331,Designated,2010,BR-MG,BRA,BRA
Reserva Particular Do Patrimônio Natural Fazenda Loanda,Reserva Particular Do Patrimônio Natural Fazenda Loanda,Reserva Particular do Patrimônio Natural,Natural Heritage Private Reserve,National,IV,5.14649,5.17761037,Designated,2011,BR-MT,BRA,BRA
Monumento Natural Estadual Lapa Vermelha,Monumento Natural Estadual Lapa Vermelha,Monumento Natural,Natural Monument,National,III,0.333434,0.335175665,Designated,2010,BR-MG,BRA,BRA
Monumento Natural Morro De Santo Antônio,Monumento Natural Morro De Santo Antônio,Monumento Natural,Natural Monument,National,III,2.58234,2.597185558,Designated,2006,BR-MT,BRA,BRA
Rppn Floresta Das Aguas Perenes,Rppn Floresta Das Aguas Perenes,Reserva Particular do Patrimônio Natural,Natural Heritage Private Reserve,National,IV,7.95472,7.993029409,Designated,2011,BR-SP,BRA,BRA
Parque Estadual De Sagarana,Parque Estadual De Sagarana,Parque,Park,National,II,23.4192,23.55253048,Designated,2003,BR-MG,BRA,BRA
Reserva Particular Do Patrimônio Natural Buraco Das Araras,Reserva Particular Do Patrimônio Natural Buraco Das Araras,Reserva Particular do Patrimônio Natural,Natural Heritage Private Reserve,National,IV,0.29055,0.291985234,Designated,2007,BR-MS,BRA,BRA
Reserva Particular Do Patrimônio Natural Reserva Fazenda Bonito De Cima Vii,Reserva Particular Do Patrimônio Natural Reserva Fazenda Bonito De Cima Vii,Reserva Particular do Patrimônio Natural,Natural Heritage Private Reserve,National,IV,1.36059,1.367918438,Designated,2004,BR-MG,BRA,BRA
Reserva Particular Do Patrimônio Natural Catedral Do Jalapão,Reserva Particular Do Patrimônio Natural Catedral Do Jalapão,Reserva Particular do Patrimônio Natural,Natural Heritage Private Reserve,National,IV,3.2558,3.276392245,Designated,2010,BR-TO,BRA,BRA
Reserva Particular Do Patrimônio Natural Fazenda Lageado,Reserva Particular Do Patrimônio Natural Fazenda Lageado,Reserva Particular do Patrimônio Natural,Natural Heritage Private Reserve,National,IV,125.519,126.1626527,Designated,1990,BR-MS,BRA,BRA
Reserva Particular Do Patrimônio Natural Aurora Natura,Reserva Particular Do Patrimônio Natural Aurora Natura,Reserva Particular do Patrimônio Natural,Natural Heritage Private Reserve,National,IV,0.151024,0.151944478,Designated,2012,BR-TO,BRA,BRA
Reserva Particular Do Patrimônio Natural Reserva Fazenda Bonito De Cima Ii,Reserva Particular Do Patrimônio Natural Reserva Fazenda Bonito De Cima Ii,Reserva Particular do Patrimônio Natural,Natural Heritage Private Reserve,National,IV,0.0700136,0.070390424,Designated,2007,BR-MG,BRA,BRA
Refúgio De Vida Silvestre Estadual Macaúbas,Refúgio De Vida Silvestre Estadual Macaúbas,Refugio de Vida Silvestre,Wildlife Refuge,National,III,22.8368,22.95599108,Designated,2013,BR-MG,BRA,BRA
Refúgio De Vida Silvestre Estadual Serra Das Aroeiras,Refúgio De Vida Silvestre Estadual Serra Das Aroeiras,Refugio de Vida Silvestre,Wildlife Refuge,National,III,10.3597,10.413714,Designated,2013,BR-MG,BRA,BRA
Reserva Particular Do Patrimônio Natural Reserva Fazenda Bonito De Cima Iii,Reserva Particular Do Patrimônio Natural Reserva Fazenda Bonito De Cima Iii,Reserva Particular do Patrimônio Natural,Natural Heritage Private Reserve,National,IV,0.0593044,0.059623626,Designated,2007,BR-MG,BRA,BRA
Reserva Particular Do Patrimônio Natural Reserva Fazenda Recanto Das Águas Claras,Reserva Particular Do Patrimônio Natural Reserva Fazenda Recanto Das Águas Claras,Reserva Particular do Patrimônio Natural,Natural Heritage Private Reserve,National,IV,0.115492,0.116110143,Designated,2007,BR-MG,BRA,BRA
Reserva Particular Do Patrimônio Natural Nascentes Do Rio Araguaia,Reserva Particular Do Patrimônio Natural Nascentes Do Rio Araguaia,Reserva Particular do Patrimônio Natural,Natural Heritage Private Reserve,National,IV,3.9006,3.921876448,Designated,2012,BR-GO,BRA,BRA
Reserva Particular Do Patrimônio Natural Reserva Fazenda São Miguel Ii,Reserva Particular Do Patrimônio Natural Reserva Fazenda São Miguel Ii,Reserva Particular do Patrimônio Natural,Natural Heritage Private Reserve,National,IV,0.0593745,0.059695796,Designated,2008,BR-MG,BRA,BRA
Reserva Particular Do Patrimônio Natural Fazenda Calixto,Reserva Particular Do Patrimônio Natural Fazenda Calixto,Reserva Particular do Patrimônio Natural,Natural Heritage Private Reserve,National,IV,3.43363,3.454958961,Designated,2009,BR-TO,BRA,BRA
Reserva Particular Do Patrimônio Natural Fazenda São Miguel,Reserva Particular Do Patrimônio Natural Fazenda São Miguel,Reserva Particular do Patrimônio Natural,Natural Heritage Private Reserve,National,IV,0.343238,0.345095268,Designated,2008,BR-MG,BRA,BRA
Reserva Particular Do Patrimônio Natural Ecocerrado Brasil,Reserva Particular Do Patrimônio Natural Ecocerrado Brasil,Reserva Particular do Patrimônio Natural,Natural Heritage Private Reserve,National,IV,0.393794,0.395851331,Designated,2009,BR-MG,BRA,BRA
Reserva Particular Do Patrimônio Natural Joaquim Theodoro De Moraes,Reserva Particular Do Patrimônio Natural Joaquim Theodoro De Moraes,Reserva Particular do Patrimônio Natural,Natural Heritage Private Reserve,National,IV,0.559549,0.562509471,Designated,2007,BR-MG,BRA,BRA
Reserva Particular Do Patrimônio Natural Reserva Fazenda Bonito De Cima Vi,Reserva Particular Do Patrimônio Natural Reserva Fazenda Bonito De Cima Vi,Reserva Particular do Patrimônio Natural,Natural Heritage Private Reserve,National,IV,0.075068,0.075472227,Designated,2007,BR-MG,BRA,BRA
Reserva Particular Do Patrimônio Natural Reserva Fazenda Bonito De Cima I,Reserva Particular Do Patrimônio Natural Reserva Fazenda Bonito De Cima I,Reserva Particular do Patrimônio Natural,Natural Heritage Private Reserve,National,IV,0.289614,0.291173634,Designated,2007,BR-MG,BRA,BRA
Reserva Particular Do Patrimônio Natural Reserva Fazenda São Bernardo Ii,Reserva Particular Do Patrimônio Natural Reserva Fazenda São Bernardo Ii,Reserva Particular do Patrimônio Natural,Natural Heritage Private Reserve,National,IV,0.427756,0.430041127,Designated,2007,BR-MG,BRA,BRA
Reserva Particular Do Patrimônio Natural Reserva Fazenda Hr - Douradinho,Reserva Particular Do Patrimônio Natural Reserva Fazenda Hr - Douradinho,Reserva Particular do Patrimônio Natural,Natural Heritage Private Reserve,National,IV,0.225022,0.226227856,Designated,2007,BR-MG,BRA,BRA
Parque Natural Municipal Do Setor Santa Cruz,Parque Natural Municipal Do Setor Santa Cruz,Parque,Park,National,II,0.297573,0.299190353,Designated,2004,BR-GO,BRA,BRA
Reserva Particular Do Patrimônio Natural Arara Vermelha,Reserva Particular Do Patrimônio Natural Arara Vermelha,Reserva Particular do Patrimônio Natural,Natural Heritage Private Reserve,National,IV,2.54432,2.55904789,Designated,2005,BR-MG,BRA,BRA
Reserva Particular Do Patrimônio Natural Tayná,Reserva Particular Do Patrimônio Natural Tayná,Reserva Particular do Patrimônio Natural,Natural Heritage Private Reserve,National,IV,0.15515,0.155818569,Designated,2009,BR-PR,BRA,BRA
Reserva Particular Do Patrimônio Natural Cava Ii,Reserva Particular Do Patrimônio Natural Cava Ii,Reserva Particular do Patrimônio Natural,Natural Heritage Private Reserve,National,IV,0.409243,0.41131867,Designated,2005,BR-SP,BRA,BRA
Reserva Particular Do Patrimônio Natural Reserva Fazenda Bonito De Cima Iv,Reserva Particular Do Patrimônio Natural Reserva Fazenda Bonito De Cima Iv,Reserva Particular do Patrimônio Natural,Natural Heritage Private Reserve,National,IV,0.452117,0.454550891,Designated,2007,BR-MG,BRA,BRA
Reserva Particular Do Patrimônio Natural Vila Amanda,Reserva Particular Do Patrimônio Natural Vila Amanda,Reserva Particular do Patrimônio Natural,Natural Heritage Private Reserve,National,IV,0.343333,0.345143132,Designated,2005,BR-MG,BRA,BRA
Reserva Particular Do Patrimônio Natural Parque Botânico Dos Kaiapós,Reserva Particular Do Patrimônio Natural Parque Botânico Dos Kaiapós,Reserva Particular do Patrimônio Natural,Natural Heritage Private Reserve,National,IV,0.806975,0.811512055,Designated,2013,BR-GO,BRA,BRA
Reserva Particular Do Patrimônio Natural Veredas Do Pratudinho,Reserva Particular Do Patrimônio Natural Veredas Do Pratudinho,Reserva Particular do Patrimônio Natural,Natural Heritage Private Reserve,National,IV,22.38,22.51213707,Designated,2011,BR-BA,BRA,BRA
Parque Natural Municipal Do Tabuleiro,Parque Natural Municipal Do Tabuleiro,Parque,Park,National,II,30.8969,31.06067805,Designated,2013,BR-MG,BRA,BRA
Reserva Particular Do Patrimônio Natural Santuário Das Pedras,Reserva Particular Do Patrimônio Natural Santuário Das Pedras,Reserva Particular do Patrimônio Natural,Natural Heritage Private Reserve,National,IV,0.25606,0.257579707,Designated,2014,BR-GO,BRA,BRA
Reserva Particular Do Patrimônio Natural Sonhada,Reserva Particular Do Patrimônio Natural Sonhada,Reserva Particular do Patrimônio Natural,Natural Heritage Private Reserve,National,IV,8.86975,8.926110783,Designated,2010,BR-TO,BRA,BRA
Reserva Particular Do Patrimônio Natural Reserva Natural Do Tombador,Reserva Particular Do Patrimônio Natural Reserva Natural Do Tombador,Reserva Particular do Patrimônio Natural,Natural Heritage Private Reserve,National,IV,87.1744,87.696346,Designated,2009,BR-GO,BRA,BRA
Reserva Particular Do Patrimônio Natural Ponte De Pedra,Reserva Particular Do Patrimônio Natural Ponte De Pedra,Reserva Particular do Patrimônio Natural,Natural Heritage Private Reserve,National,IV,1.068339996,1.074703769,Designated,2013,BR-GO,BRA,BRA
Reserva Particular Do Patrimônio Natural Nascentes Do Rio Tocantins,Reserva Particular Do Patrimônio Natural Nascentes Do Rio Tocantins,Reserva Particular do Patrimônio Natural,Natural Heritage Private Reserve,National,IV,2.69864,2.714652275,Designated,2011,BR-GO,BRA,BRA
Reserva Particular Do Patrimônio Natural Soluar,Reserva Particular Do Patrimônio Natural Soluar,Reserva Particular do Patrimônio Natural,Natural Heritage Private Reserve,National,IV,0.439515,0.442148928,Designated,2005,BR-GO,BRA,BRA
Reserva Particular Do Patrimônio Natural Cachoeira Das Pedras Bonitas,Reserva Particular Do Patrimônio Natural Cachoeira Das Pedras Bonitas,Reserva Particular do Patrimônio Natural,Natural Heritage Private Reserve,National,IV,0.92978,0.935296524,Designated,2005,BR-GO,BRA,BRA
Reserva Particular Do Patrimônio Natural Catingueiro,Reserva Particular Do Patrimônio Natural Catingueiro,Reserva Particular do Patrimônio Natural,Natural Heritage Private Reserve,National,IV,0.599437,0.603021287,Designated,2013,BR-GO,BRA,BRA
Reserva Particular Do Patrimônio Natural Bico Do Javaés,Reserva Particular Do Patrimônio Natural Bico Do Javaés,Reserva Particular do Patrimônio Natural,Natural Heritage Private Reserve,National,IV,27.62,27.79375753,Designated,2011,BR-TO,BRA,BRA
Reserva Particular Do Patrimônio Natural Canto Da Mata,Reserva Particular Do Patrimônio Natural Canto Da Mata,Reserva Particular do Patrimônio Natural,Natural Heritage Private Reserve,National,IV,0.0362901,0.03649846,Designated,2009,BR-GO,BRA,BRA
Reserva Particular Do Patrimônio Natural Maria Batista,Reserva Particular Do Patrimônio Natural Maria Batista,Reserva Particular do Patrimônio Natural,Natural Heritage Private Reserve,National,IV,0.475756,0.478593994,Designated,2013,BR-GO,BRA,BRA
Reserva Particular Do Patrimônio Natural Integra O Parque,Reserva Particular Do Patrimônio Natural Integra O Parque,Reserva Particular do Patrimônio Natural,Natural Heritage Private Reserve,National,IV,3.18475,3.203747414,Designated,2013,BR-GO,BRA,BRA
Reserva Particular Do Patrimônio Natural Pau Terra,Reserva Particular Do Patrimônio Natural Pau Terra,Reserva Particular do Patrimônio Natural,Natural Heritage Private Reserve,National,IV,0.0632436,0.063606606,Designated,2011,BR-GO,BRA,BRA
Reserva Particular Do Patrimônio Natural São Bartolomeu,Reserva Particular Do Patrimônio Natural São Bartolomeu,Reserva Particular do Patrimônio Natural,Natural Heritage Private Reserve,National,IV,0.710229,0.71446914,Designated,2013,BR-GO,BRA,BRA
Reserva Particular Do Patrimônio Natural Vale Das Copaibeiras,Reserva Particular Do Patrimônio Natural Vale Das Copaibeiras,Reserva Particular do Patrimônio Natural,Natural Heritage Private Reserve,National,IV,0.0388234,0.039046793,Designated,2010,BR-DF,BRA,BRA
Reserva Particular Do Patrimônio Natural Duas Pedras,Reserva Particular Do Patrimônio Natural Duas Pedras,Reserva Particular do Patrimônio Natural,Natural Heritage Private Reserve,National,IV,1.52845993,1.536425727,Designated,2008,BR-MS,BRA,BRA
Lund Warming,Lund Warming,"Ramsar Site, Wetland of International Importance","Ramsar Site, Wetland of International Importance",International,II,238.6544,239.9043952,Designated,2017,Not Reported,BRA,BRA
Cerrados del Tagatiya,Cerrados del Tagatiya,Reserva Natural - Privado,Natural Private Reserve,National,IV,57,53.09923369,Designated,2006,PY-1,PRY,PRY
Tagatiya-mi,Tagatiya-mi,Reserva Natural - Privado,Natural Private Reserve,National,IV,239.7842,289.1450735,Designated,2007,PY-1,PRY,PRY
Arrecife,Arrecife,Reserva Natural - Privado,Natural Private Reserve,National,IV,74.37,78.15226883,Designated,2013,PY-1,PRY,PRY
Parque Natural Municipal Das Orquídeas José Pinheiro De Souza,Parque Natural Municipal Das Orquídeas José Pinheiro De Souza,Parque,Park,National,II,3.61208,3.632154633,Designated,2002,BR-GO,BRA,BRA
Parque Natural Municipal Templo Dos Pilares,Parque Natural Municipal Templo Dos Pilares,Parque,Park,National,II,0.996661,1.002076067,Designated,2003,BR-MS,BRA,BRA
Parque Natural Municipal Do Pequi,Parque Natural Municipal Do Pequi,Parque,Park,National,II,24.1858,24.32850335,Designated,2012,BR-GO,BRA,BRA
Parque Natural Municipal Do Pombo,Parque Natural Municipal Do Pombo,Parque,Park,National,II,80.3333,80.74387623,Designated,2006,BR-MS,BRA,BRA
Reserva Particular Do Patrimônio Natural Fazenda São Pedro Da Barra,Reserva Particular Do Patrimônio Natural Fazenda São Pedro Da Barra,Reserva Particular do Patrimônio Natural,Natural Heritage Private Reserve,National,IV,0.866579,0.870906689,Designated,2003,BR-MS,BRA,BRA
Parque Natural Municipal Ribeirão Da Prata,Parque Natural Municipal Ribeirão Da Prata,Parque,Park,National,II,31.4293,31.6159569,Designated,2014,BR-GO,BRA,BRA
Reserva Biológica Das Capivaras,Reserva Biológica Das Capivaras,Reserva Biológica,Biological Reserve,National,Ia,0.637068,0.640285855,Designated,2001,BR-MS,BRA,BRA
Parque Estadual Serra Da Boa Esperança,Parque Estadual Serra Da Boa Esperança,Parque,Park,National,II,58.8241,59.11933267,Designated,2007,BR-MG,BRA,BRA
Monumento Natural Municipal Serra Do Bom Jardim,Monumento Natural Municipal Serra Do Bom Jardim,Monumento Natural,Natural Monument,National,III,60.4736,60.80221459,Designated,2003,BR-MS,BRA,BRA
Parque Distrital Salto Do Tororó,Parque Distrital Salto Do Tororó,Parque,Park,National,II,0.611168,0.614664744,Designated,2015,BRA-DF,BRA,BRA
Reserva Particular Do Patrimônio Natural Porto Do Ifé,Reserva Particular Do Patrimônio Natural Porto Do Ifé,Reserva Particular do Patrimônio Natural,Natural Heritage Private Reserve,National,IV,0.537367,0.54014697,Designated,2018,BRA-SP,BRA,BRA
Parque Natural Municipal Eli Bastos,Parque Natural Municipal Eli Bastos,Parque,Park,National,II,0.169045,0.169989255,Designated,2018,BRA-GO,BRA,BRA
Parque Estadual De Botumirim,Parque Estadual De Botumirim,Parque,Park,National,II,352.874,354.8466857,Designated,2018,BRA-MG,BRA,BRA
Área De Relevante Interesse Ecológico Leopoldo Magno Coutinho,Área De Relevante Interesse Ecológico Leopoldo Magno Coutinho,Área de Relevante Interesse Ecológico,Area of Relevant Ecological Interest,National,IV,23.0986,23.20940171,Designated,2018,BRA-SP,BRA,BRA
Parque Natural Municipal Senhorinha Lemos Do Prado,Parque Natural Municipal Senhorinha Lemos Do Prado,Parque,Park,National,II,0.0375608,0.037774182,Designated,2017,BRA-MG,BRA,BRA
Reserva Particular Do Patrimônio Natural Cambraia,Reserva Particular Do Patrimônio Natural Cambraia,Reserva Particular do Patrimônio Natural,Natural Heritage Private Reserve,National,IV,0.954038,0.959142716,Designated,2014,BRA-MG,BRA,BRA
Reserva Particular Do Patrimônio Natural Alto Do Palacio,Reserva Particular Do Patrimônio Natural Alto Do Palacio,Reserva Particular do Patrimônio Natural,Natural Heritage Private Reserve,National,IV,2.80527,2.820051833,Designated,2006,BRA-MG,BRA,BRA
Parque Natural Municipal Zabele,Parque Natural Municipal Zabele,Parque,Park,National,II,3.79094,3.814649789,Designated,2002,BRA-BA,BRA,BRA
Rppn Flor Do Cerrado I,Rppn Flor Do Cerrado I,Reserva Particular do Patrimônio Natural,Natural Heritage Private Reserve,National,IV,4.43644,4.462704425,Designated,2016,BRA-GO,BRA,BRA
Reserva Particular Do Patrimônio Natural Capão Das Éguas,Reserva Particular Do Patrimônio Natural Capão Das Éguas,Reserva Particular do Patrimônio Natural,Natural Heritage Private Reserve,National,IV,0.173121,0.174029738,Designated,2017,BRA-MG,BRA,BRA
Rppn Flor Do Cerrado Iii,Rppn Flor Do Cerrado Iii,Reserva Particular do Patrimônio Natural,Natural Heritage Private Reserve,National,IV,26.2224,26.37757852,Designated,2016,BRA-GO,BRA,BRA
Reserva Particular Do Patrimônio Natural Gruta Do Carimbado,Reserva Particular Do Patrimônio Natural Gruta Do Carimbado,Reserva Particular do Patrimônio Natural,Natural Heritage Private Reserve,National,IV,0.0151664,0.01524088,Designated,2009,BRA-MG,BRA,BRA
Parque Natural Municipal Claudino Francio,Parque Natural Municipal Claudino Francio,Parque,Park,National,II,0.122901,0.123651857,Designated,2018,BRA-MT,BRA,BRA
Reserva Particular Do Patrimônio Natural Capoeira Do Boi,Reserva Particular Do Patrimônio Natural Capoeira Do Boi,Reserva Particular do Patrimônio Natural,Natural Heritage Private Reserve,National,IV,0.70872,0.712418872,Designated,2014,BRA-MG,BRA,BRA
Área De Relevante Interesse Ecológico Da Cabeceira Do Córrego Mahana,Área De Relevante Interesse Ecológico Da Cabeceira Do Córrego Mahana,Área de Relevante Interesse Ecológico,Area of Relevant Ecological Interest,National,IV,0.560007,0.563339251,Designated,2006,BRA-GO,BRA,BRA
Refúgio De Vida Silvestre Da Mata Seca,Refúgio De Vida Silvestre Da Mata Seca,Refugio de Vida Silvestre,Wildlife Refuge,National,III,2.53033,2.544934516,Designated,2015,BRA-DF,BRA,BRA
Área De Relevante Interesse Ecológico Serra Bonita De Adelandia,Área De Relevante Interesse Ecológico Serra Bonita De Adelandia,Área de Relevante Interesse Ecológico,Area of Relevant Ecological Interest,National,IV,1.96517,1.976313802,Designated,2017,BRA-GO,BRA,BRA
Area De Relevante Interesse Ecologico Mata Das Perobas Tim Ferreira,Area De Relevante Interesse Ecologico Mata Das Perobas Tim Ferreira,Área de Relevante Interesse Ecológico,Area of Relevant Ecological Interest,National,IV,0.590505,0.59371651,Designated,2018,BRA-GO,BRA,BRA
Reserva Particular Do Patrimônio Natural Cachoeira Da Sucupira,Reserva Particular Do Patrimônio Natural Cachoeira Da Sucupira,Reserva Particular do Patrimônio Natural,Natural Heritage Private Reserve,National,IV,0.421031,0.423268827,Designated,2007,BRA-MG,BRA,BRA
Monumento Natural Estadual Lapa Nova De Vazante,Monumento Natural Estadual Lapa Nova De Vazante,Monumento Natural,Natural Monument,National,III,0.790321,0.794637122,Designated,2016,BRA-MG,BRA,BRA
Reserva Particular Do Patrimônio Natural Sítio Grande,Reserva Particular Do Patrimônio Natural Sítio Grande,Reserva Particular do Patrimônio Natural,Natural Heritage Private Reserve,National,IV,0.534145,0.537415531,Designated,2017,BRA-BA,BRA,BRA
Parque Estadual Massairo Okamura,Parque Estadual Massairo Okamura,Parque,Park,National,II,0.531881,0.534949842,Designated,2000,BRA-MT,BRA,BRA
Parque Natural Municipal Dujardes Caldeira,Parque Natural Municipal Dujardes Caldeira,Parque,Park,National,II,0.0580718,0.058401028,Designated,2017,BRA-MG,BRA,BRA
Reserva Particular Do Patrimônio Natural Anglogold Ashanti - Cuiabá,Reserva Particular Do Patrimônio Natural Anglogold Ashanti - Cuiabá,Reserva Particular do Patrimônio Natural,Natural Heritage Private Reserve,National,IV,7.26583,7.303546072,Designated,2007,BRA-MG,BRA,BRA
Parque Natural Municipal Do Alto Rio Do Tanque,Parque Natural Municipal Do Alto Rio Do Tanque,Parque,Park,National,II,2.47215,2.485106487,Designated,2008,BRA-MG,BRA,BRA
Parque Natural Municipal Pedro Geraldo De Menezes,Parque Natural Municipal Pedro Geraldo De Menezes,Parque,Park,National,II,0.015124,0.015209767,Designated,2012,BRA-MG,BRA,BRA
Rppn Flor Do Cerrado Ii,Rppn Flor Do Cerrado Ii,Reserva Particular do Patrimônio Natural,Natural Heritage Private Reserve,National,IV,0.73969,0.744067685,Designated,2016,BRA-GO,BRA,BRA
Monumento Natural Das Lagoas,Monumento Natural Das Lagoas,Monumento Natural,Natural Monument,National,III,1.16522,1.171100041,Designated,2016,BRA-MS,BRA,BRA
Área De Relevante Interesse Ecológico Do Lago Dos Buritis,Área De Relevante Interesse Ecológico Do Lago Dos Buritis,Área de Relevante Interesse Ecológico,Area of Relevant Ecological Interest,National,IV,0.0522729,0.052557849,Designated,2017,BRA-GO,BRA,BRA
Estação Ecológica Municipal Guarani,Estação Ecológica Municipal Guarani,Estação Ecológica,Ecological Station,National,Ia,0.424019,0.426130698,Designated,2018,BRA-SP,BRA,BRA
Parque Estadual Biribiri,Parque Estadual Biribiri,Parque,Park,National,II,170.026,170.9510998,Designated,1998,BRA-MG,BRA,BRA
